Code,DTY,ARR,TRF,DUR,TTY,TAG,SCD,ANT,NCD,EFA,UTM_X,UTM_Y,parsed_test
S,2021-03-14,02:05:09,G,00:00.9,W,00000000000000005394,RB1,A1,10,0.7,412489,4439413,NA
S,2021-03-14,02:20:04,G,00:00.9,W,00000000000000005394,RB1,A1,10,0.7,412489,4439413,NA
S,2021-03-14,02:34:58,G,00:00.8,W,00000000000000005394,RB1,A1,9,0.7,412489,4439413,NA
S,2021-03-14,02:49:53,G,00:00.9,W,00000000000000005394,RB1,A1,10,0.7,412489,4439413,NA
S,2021-03-14,02:01:18,G,00:00.8,W,00000000000000002102,RB2,A1,9,0.2,412489,4439413,NA
S,2021-03-14,02:16:11,G,00:00.9,W,00000000000000002102,RB2,A1,10,0.2,412489,4439413,NA
S,2021-03-14,02:31:06,G,00:00.9,W,00000000000000002102,RB2,A1,10,0.3,412489,4439413,NA
S,2021-03-14,02:45:59,G,00:01.9,W,00000000000000002102,RB2,A1,10,0.3,412489,4439413,NA
S,2021-03-14,02:05:11,G,00:00.9,W,00000000000000005154,HP3,A1,10,0.5,414375,4440241,NA
S,2021-03-14,02:20:08,G,00:00.9,W,00000000000000005154,HP3,A1,10,0.5,414375,4440241,NA
S,2021-03-14,02:35:05,G,00:00.9,W,00000000000000005154,HP3,A1,10,0.5,414375,4440241,NA
S,2021-03-14,02:50:02,G,00:00.9,W,00000000000000005154,HP3,A1,10,0.6,414375,4440241,NA
S,2021-03-14,02:08:44,G,00:00.9,W,00000000000000005665,HP4,A1,10,0.3,414375,4440241,NA
S,2021-03-14,02:23:35,G,00:01.8,W,00000000000000005665,HP4,A1,9,0.3,414375,4440241,NA
S,2021-03-14,02:38:26,G,00:00.8,W,00000000000000005665,HP4,A1,9,0.3,414375,4440241,NA
S,2021-03-14,02:53:18,G,00:00.8,W,00000000000000005665,HP4,A1,9,0.3,414375,4440241,NA
S,2021-03-14,02:00:33,G,00:00.8,W,00000000000000001570,CF5,A1,9,0.5,416965,4439369,NA
S,2021-03-14,02:15:21,G,00:00.9,W,00000000000000001570,CF5,A1,10,0.6,416965,4439369,NA
S,2021-03-14,02:30:08,G,00:00.8,W,00000000000000001570,CF5,A1,9,0.5,416965,4439369,NA
S,2021-03-14,02:44:55,G,00:00.8,W,00000000000000001570,CF5,A1,9,0.5,416965,4439369,NA
S,2021-03-14,02:59:42,G,00:00.9,W,00000000000000001570,CF5,A1,10,0.5,416965,4439369,NA
S,2021-03-14,02:09:59,G,00:01.9,W,00000000000000005396,CF6,A1,10,0.6,416965,4439369,NA
S,2021-03-14,02:24:54,G,00:00.9,W,00000000000000005396,CF6,A1,10,0.6,416965,4439369,NA
S,2021-03-14,02:39:48,G,00:00.9,W,00000000000000005396,CF6,A1,10,0.6,416965,4439369,NA
S,2021-03-14,02:54:43,G,00:00.9,W,00000000000000005396,CF6,A1,10,0.6,416965,4439369,NA
S,2022-03-13,02:14:25,G,00:00:00.900,W,00000000000000005394,RB1,A1,10,0.6,412489,4439413,NA
S,2022-03-13,02:29:18,G,00:00:00.800,W,00000000000000005394,RB1,A1,9,0.6,412489,4439413,NA
S,2022-03-13,02:44:12,G,00:00:00.800,W,00000000000000005394,RB1,A1,9,0.6,412489,4439413,NA
S,2022-03-13,02:59:06,G,00:00:00.900,W,00000000000000005394,RB1,A1,10,0.6,412489,4439413,NA
S,2022-03-13,02:09:34,G,00:00:01.800,W,00000000000000002102,RB2,A1,9,0.4,412489,4439413,NA
S,2022-03-13,02:24:29,G,00:00:00.900,W,00000000000000002102,RB2,A1,10,0.4,412489,4439413,NA
S,2022-03-13,02:39:21,G,00:00:01.900,W,00000000000000002102,RB2,A1,10,0.4,412489,4439413,NA
S,2022-03-13,02:54:16,G,00:00:00.900,W,00000000000000002102,RB2,A1,10,0.4,412489,4439413,NA
S,2022-03-13,02:04:32,G,00:00:00.900,W,00000000000000005154,HP3,A1,10,1,414375,4440241,NA
S,2022-03-13,02:19:28,G,00:00:00.900,W,00000000000000005154,HP3,A1,10,1,414375,4440241,NA
S,2022-03-13,02:34:25,G,00:00:00.900,W,00000000000000005154,HP3,A1,10,1,414375,4440241,NA
S,2022-03-13,02:49:21,G,00:00:00.800,W,00000000000000005154,HP3,A1,9,1,414375,4440241,NA
S,2022-03-13,02:05:20,G,00:00:00.700,W,00000000000000005665,HP4,A1,8,0.6,414375,4440241,NA
S,2022-03-13,02:20:10,G,00:00:00.800,W,00000000000000005665,HP4,A1,9,0.6,414375,4440241,NA
S,2022-03-13,02:35:00,G,00:00:01.700,W,00000000000000005665,HP4,A1,8,0.6,414375,4440241,NA
S,2022-03-13,02:49:52,G,00:00:00.900,W,00000000000000005665,HP4,A1,10,0.6,414375,4440241,NA
S,2022-03-13,02:12:43,G,00:00:00.800,W,00000000000000005396,CF6,A1,9,0.6,416965,4439369,NA
S,2022-03-13,02:27:38,G,00:00:00.900,W,00000000000000005396,CF6,A1,10,0.6,416965,4439369,NA
S,2022-03-13,02:42:32,G,00:00:00.700,W,00000000000000005396,CF6,A1,8,0.6,416965,4439369,NA
S,2022-03-13,02:57:25,G,00:00:00.900,W,00000000000000005396,CF6,A1,10,0.6,416965,4439369,NA
S,2023-03-12,02:12:18,G,00:00:00.700,W,00000000000000005394,RB1,A1,8,0.4,412489,4439413,NA
S,2023-03-12,02:27:11,G,00:00:00.900,W,00000000000000005394,RB1,A1,10,0.5,412489,4439413,NA
S,2023-03-12,02:42:05,G,00:00:00.800,W,00000000000000005394,RB1,A1,9,0.5,412489,4439413,NA
S,2023-03-12,02:56:59,G,00:00:00.900,W,00000000000000005394,RB1,A1,10,0.4,412489,4439413,NA
S,2023-03-12,02:06:56,G,00:00:00.900,W,00000000000000002102,RB2,A1,10,0.3,412489,4439413,NA
S,2023-03-12,02:21:49,G,00:00:00.900,W,00000000000000002102,RB2,A1,10,0.3,412489,4439413,NA
S,2023-03-12,02:36:43,G,00:00:00.900,W,00000000000000002102,RB2,A1,10,0.4,412489,4439413,NA
S,2023-03-12,02:51:36,G,00:00:00.800,W,00000000000000002102,RB2,A1,9,0.4,412489,4439413,NA
S,2023-03-12,02:01:22,G,00:00:00.900,W,00000000000000005154,HP3,A1,10,0.8,414375,4440241,NA
S,2023-03-12,02:16:18,G,00:00:00.900,W,00000000000000005154,HP3,A1,10,0.8,414375,4440241,NA
S,2023-03-12,02:31:14,G,00:00:00.900,W,00000000000000005154,HP3,A1,10,0.8,414375,4440241,NA
S,2023-03-12,02:46:10,G,00:00:00.900,W,00000000000000005154,HP3,A1,10,0.8,414375,4440241,NA
S,2023-03-12,02:09:34,G,00:00:00.800,W,00000000000000005665,HP4,A1,9,0.4,414375,4440241,NA
S,2023-03-12,02:24:24,G,00:00:01.700,W,00000000000000005665,HP4,A1,8,0.4,414375,4440241,NA
S,2023-03-12,02:39:15,G,00:00:00.900,W,00000000000000005665,HP4,A1,10,0.4,414375,4440241,NA
S,2023-03-12,02:54:05,G,00:00:00.900,W,00000000000000005665,HP4,A1,10,0.4,414375,4440241,NA
S,2023-03-12,02:02:19,G,00:00:00.900,W,00000000000000001570,CF5,A1,10,0.6,416965,4439369,NA
S,2023-03-12,02:17:06,G,00:00:00.800,W,00000000000000001570,CF5,A1,9,0.6,416965,4439369,NA
S,2023-03-12,02:31:52,G,00:00:00.900,W,00000000000000001570,CF5,A1,10,0.6,416965,4439369,NA
S,2023-03-12,02:46:39,G,00:00:00.800,W,00000000000000001570,CF5,A1,9,0.6,416965,4439369,NA
S,2023-03-12,02:04:14,G,00:00:00.900,W,00000000000000005396,CF6,A1,10,0.8,416965,4439369,NA
S,2023-03-12,02:19:08,G,00:00:00.900,W,00000000000000005396,CF6,A1,10,0.8,416965,4439369,NA
S,2023-03-12,02:34:02,G,00:00:00.900,W,00000000000000005396,CF6,A1,10,0.8,416965,4439369,NA
S,2023-03-12,02:48:55,G,00:00:00.800,W,00000000000000005396,CF6,A1,9,0.8,416965,4439369,NA
S,2024-03-10,02:11:23,G,00:00:00.800,W,00000000000000002102,RB2,A1,9,0.3,412489,4439413,NA
S,2024-03-10,02:26:16,G,00:00:00.800,W,00000000000000002102,RB2,A1,9,0.3,412489,4439413,NA
S,2024-03-10,02:41:09,G,00:00:00.900,W,00000000000000002102,RB2,A1,10,0.3,412489,4439413,NA
S,2024-03-10,02:56:02,G,00:00:00.900,W,00000000000000002102,RB2,A1,10,0.3,412489,4439413,NA
S,2024-03-10,02:10:22,G,00:00:00.900,W,00000000000000005154,HP3,A1,10,0.6,414375,4440241,NA
S,2024-03-10,02:22:11,G,00:00:00.200,A,230000142723,HP3,A1,13,0.6,414375,4440241,NA
S,2024-03-10,02:22:14,G,00:00:00.100,A,230000142723,HP3,A1,2,0.6,414375,4440241,NA
S,2024-03-10,02:25:18,G,00:00:00.900,W,00000000000000005154,HP3,A1,10,0.6,414375,4440241,NA
S,2024-03-10,02:28:38,G,00:00:04.000,A,230000142723,HP3,A1,41,0.6,414375,4440241,NA
S,2024-03-10,02:29:07,G,00:00:01.700,A,230000142723,HP3,A1,18,0.6,414375,4440241,NA
S,2024-03-10,02:29:16,G,00:00:06.800,A,230000142723,HP3,A1,69,0.6,414375,4440241,NA
S,2024-03-10,02:32:13,G,00:00:02.300,A,230000142723,HP3,A1,24,0.6,414375,4440241,NA
S,2024-03-10,02:38:50,G,00:00:05.900,A,230000142723,HP3,A1,60,0.6,414375,4440241,NA
S,2024-03-10,02:39:00,G,00:00:07.500,A,230000142723,HP3,A1,76,0.6,414375,4440241,NA
S,2024-03-10,02:40:14,G,00:00:00.900,W,00000000000000005154,HP3,A1,10,0.6,414375,4440241,NA
S,2024-03-10,02:55:10,G,00:00:00.900,W,00000000000000005154,HP3,A1,10,0.6,414375,4440241,NA
S,2024-03-10,02:13:20,G,00:00:00.900,W,00000000000000005665,HP4,A1,10,0.6,414375,4440241,NA
S,2024-03-10,02:28:10,G,00:00:00.900,W,00000000000000005665,HP4,A1,10,0.5,414375,4440241,NA
S,2024-03-10,02:40:38,G,00:00:04.200,A,230000142723,HP4,A1,33,0.5,414375,4440241,NA
S,2024-03-10,02:40:45,G,00:00:02.700,A,230000142723,HP4,A1,28,0.6,414375,4440241,NA
S,2024-03-10,02:43:00,G,00:00:00.900,W,00000000000000005665,HP4,A1,10,0.6,414375,4440241,NA
S,2024-03-10,02:57:49,G,00:00:01.800,W,00000000000000005665,HP4,A1,9,0.5,414375,4440241,NA
S,2024-03-10,02:05:16,G,00:00:00.100,W,00000000000000012625,CU2,A1,2,0.6,416723,4439438,NA
S,2024-03-10,02:20:09,G,00:00:00.100,W,00000000000000012625,CU2,A1,2,0.6,416723,4439438,NA
S,2024-03-10,02:35:03,G,00:00:00.100,W,00000000000000012625,CU2,A1,2,0.7,416723,4439438,NA
S,2024-03-10,02:49:56,G,00:00:00.100,W,00000000000000012625,CU2,A1,2,0.7,416723,4439438,NA
S,2024-03-10,02:06:21,G,00:00:00.100,W,00000000000000012626,CS1,A1,2,0.5,415787,4439908,NA
S,2024-03-10,02:21:17,G,00:00:00.100,W,00000000000000012626,CS1,A1,2,0.5,415787,4439908,NA
S,2024-03-10,02:36:13,G,00:00:00.100,W,00000000000000012626,CS1,A1,2,0.5,415787,4439908,NA
S,2024-03-10,02:51:09,G,00:00:00.100,W,00000000000000012626,CS1,A1,2,0.5,415787,4439908,NA
S,2024-03-10,02:03:51,G,00:00:00.200,W,00000000000000004372,CS2,A1,3,0.5,415787,4439908,NA
S,2024-03-10,02:18:50,G,00:00:00.200,W,00000000000000004372,CS2,A1,3,0.5,415787,4439908,NA
S,2024-03-10,02:33:49,G,00:00:00.100,W,00000000000000004372,CS2,A1,2,0.6,415787,4439908,NA
S,2024-03-10,02:48:47,G,00:00:00.100,W,00000000000000004372,CS2,A1,2,0.6,415787,4439908,NA
S,2024-03-10,02:07:27,G,00:00:00.900,W,00000000000000001570,CF5,A1,10,1,416965,4439369,NA
S,2024-03-10,02:22:13,G,00:00:00.900,W,00000000000000001570,CF5,A1,10,1.1,416965,4439369,NA
S,2024-03-10,02:37:00,G,00:00:00.900,W,00000000000000001570,CF5,A1,10,0.9,416965,4439369,NA
S,2024-03-10,02:51:46,G,00:00:00.900,W,00000000000000001570,CF5,A1,10,1.1,416965,4439369,NA
S,2024-03-10,02:12:22,G,00:00:00.800,W,00000000000000005396,CF6,A1,9,1.1,416965,4439369,NA
S,2024-03-10,02:27:17,G,00:00:00.800,W,00000000000000005396,CF6,A1,9,1.1,416965,4439369,NA
S,2024-03-10,02:42:10,G,00:00:00.900,W,00000000000000005396,CF6,A1,10,1.1,416965,4439369,NA
S,2024-03-10,02:57:04,G,00:00:00.800,W,00000000000000005396,CF6,A1,9,1,416965,4439369,NA
S,2024-03-10,02:08:55,G,00:00:00.200,W,00000000000000004948,CD1,A1,3,0.6,415802,4439907,NA
S,2024-03-10,02:23:49,G,00:00:00.100,W,00000000000000004948,CD1,A1,2,0.7,415802,4439907,NA
S,2024-03-10,02:38:43,G,00:00:00.100,W,00000000000000004948,CD1,A1,2,0.5,415802,4439907,NA
S,2024-03-10,02:53:37,G,00:00:00.200,W,00000000000000004948,CD1,A1,3,0.7,415802,4439907,NA
S,2024-03-10,02:56:56,G,00:00:00.000,W,00000000000000002323,CD1,A1,1,0.5,415802,4439907,NA
S,2024-03-10,02:12:18,G,00:00:00.200,W,00000000000000002323,CD2,A1,3,0.8,415802,4439907,NA
S,2024-03-10,02:27:10,G,00:00:00.100,W,00000000000000002323,CD2,A1,2,0.7,415802,4439907,NA
S,2024-03-10,02:42:03,G,00:00:00.100,W,00000000000000002323,CD2,A1,2,0.6,415802,4439907,NA
S,2024-03-10,02:53:36,G,00:00:00.200,W,00000000000000004948,CD2,A1,3,0.6,415802,4439907,NA
S,2024-03-10,02:56:55,G,00:00:00.100,W,00000000000000002323,CD2,A1,2,0.9,415802,4439907,NA
S,2025-03-09,02:09:16,G,00:00:00.800,W,00000000000000012548,RB1,A1,9,0.8,412489,4439413,NA
S,2025-03-09,02:24:07,G,00:00:00.900,W,00000000000000012548,RB1,A1,10,0.7,412489,4439413,NA
S,2025-03-09,02:38:58,G,00:00:00.800,W,00000000000000012548,RB1,A1,9,0.7,412489,4439413,NA
S,2025-03-09,02:53:49,G,00:00:00.900,W,00000000000000012548,RB1,A1,10,0.7,412489,4439413,NA
S,2025-03-09,02:01:49,G,00:00:00.800,W,00000000000000012564,RB2,A1,9,0.8,412489,4439413,NA
S,2025-03-09,02:16:40,G,00:00:00.900,W,00000000000000012564,RB2,A1,10,0.8,412489,4439413,NA
S,2025-03-09,02:31:32,G,00:00:00.900,W,00000000000000012564,RB2,A1,10,0.8,412489,4439413,NA
S,2025-03-09,02:46:24,G,00:00:00.900,W,00000000000000012564,RB2,A1,10,0.8,412489,4439413,NA
S,2025-03-09,02:03:12,G,00:00:00.800,W,00000000000000005665,HP4,A1,9,1,414375,4440241,NA
S,2025-03-09,02:18:02,G,00:00:00.900,W,00000000000000005665,HP4,A1,10,1,414375,4440241,NA
S,2025-03-09,02:32:53,G,00:00:00.800,W,00000000000000005665,HP4,A1,9,1,414375,4440241,NA
S,2025-03-09,02:47:43,G,00:00:00.900,W,00000000000000005665,HP4,A1,10,0.9,414375,4440241,NA
S,2025-03-09,02:12:10,G,00:00:00.900,W,00000000000000001570,CF5,A1,10,1.1,416965,4439369,NA
S,2025-03-09,02:26:56,G,00:00:00.900,W,00000000000000001570,CF5,A1,10,1,416965,4439369,NA
S,2025-03-09,02:41:42,G,00:00:00.800,W,00000000000000001570,CF5,A1,9,1,416965,4439369,NA
S,2025-03-09,02:56:28,G,00:00:00.800,W,00000000000000001570,CF5,A1,9,1,416965,4439369,NA
S,2025-03-09,02:04:39,G,00:00:00.900,W,00000000000000005396,CF6,A1,10,1.1,416965,4439369,NA
S,2025-03-09,02:19:33,G,00:00:00.900,W,00000000000000005396,CF6,A1,10,1.2,416965,4439369,NA
S,2025-03-09,02:34:27,G,00:00:00.800,W,00000000000000005396,CF6,A1,9,1.2,416965,4439369,NA
S,2025-03-09,02:49:20,G,00:00:00.900,W,00000000000000005396,CF6,A1,10,1.2,416965,4439369,NA
S,2025-03-09,02:12:55,G,00:00:00.200,W,00000000000000004948,CD1,A1,3,0.7,415802,4439907,NA
S,2025-03-09,02:21:35,G,00:00:00.100,W,00000000000000002323,CD1,A1,2,0.8,415802,4439907,NA
S,2025-03-09,02:27:48,G,00:00:00.100,W,00000000000000004948,CD1,A1,2,0.8,415802,4439907,NA
S,2025-03-09,02:42:41,G,00:00:00.100,W,00000000000000004948,CD1,A1,2,0.6,415802,4439907,NA
S,2025-03-09,02:57:34,G,00:00:00.100,W,00000000000000004948,CD1,A1,2,0.6,415802,4439907,NA
S,2025-03-09,02:06:43,G,00:00:00.100,W,00000000000000002323,CD2,A1,2,0.8,415802,4439907,NA
S,2025-03-09,02:21:34,G,00:00:00.200,W,00000000000000002323,CD2,A1,3,0.6,415802,4439907,NA
S,2025-03-09,02:36:26,G,00:00:00.100,W,00000000000000002323,CD2,A1,2,0.6,415802,4439907,NA
S,2025-03-09,02:51:17,G,00:00:00.100,W,00000000000000002323,CD2,A1,2,0.7,415802,4439907,NA
S,2025-03-09,02:03:49,G,00:00:00.100,W,00000000000000012626,CS1,A1,2,0.5,415787,4439908,NA
S,2025-03-09,02:18:42,G,00:00:00.100,W,00000000000000012626,CS1,A1,2,0.5,415787,4439908,NA
S,2025-03-09,02:33:35,G,00:00:00.100,W,00000000000000012626,CS1,A1,2,0.5,415787,4439908,NA
S,2025-03-09,02:48:29,G,00:00:00.100,W,00000000000000012626,CS1,A1,2,0.5,415787,4439908,NA
S,2025-03-09,02:09:27,G,00:00:00.200,W,00000000000000004372,CS2,A1,3,0.6,415787,4439908,NA
S,2025-03-09,02:24:24,G,00:00:00.100,W,00000000000000004372,CS2,A1,2,0.6,415787,4439908,NA
S,2025-03-09,02:39:21,G,00:00:00.100,W,00000000000000004372,CS2,A1,2,0.6,415787,4439908,NA
S,2025-03-09,02:54:19,G,00:00:00.100,W,00000000000000004372,CS2,A1,2,0.6,415787,4439908,NA
S,2025-03-09,02:01:23,G,00:00:00.900,W,00000000000000012441,CU1,A1,10,0.6,416723,4439438,NA
S,2025-03-09,02:16:14,G,00:00:00.900,W,00000000000000012441,CU1,A1,10,0.6,416723,4439438,NA
S,2025-03-09,02:31:04,G,00:00:00.900,W,00000000000000012441,CU1,A1,10,0.6,416723,4439438,NA
S,2025-03-09,02:45:55,G,00:00:00.900,W,00000000000000012441,CU1,A1,10,0.6,416723,4439438,NA
S,2025-03-09,02:08:45,G,00:00:00.200,W,00000000000000012625,CU2,A1,3,0.8,416723,4439438,NA
S,2025-03-09,02:23:36,G,00:00:00.100,W,00000000000000012625,CU2,A1,2,0.8,416723,4439438,NA
S,2025-03-09,02:38:28,G,00:00:00.100,W,00000000000000012625,CU2,A1,2,0.7,416723,4439438,NA
S,2025-03-09,02:53:20,G,00:00:00.200,W,00000000000000012625,CU2,A1,3,0.7,416723,4439438,NA
S,2026-03-08,02:10:47,G,00:00:00.900,W,00000000000000012548,RB1,A1,10,0.8,412489,4439413,NA
S,2026-03-08,02:25:37,G,00:00:00.800,W,00000000000000012548,RB1,A1,9,0.8,412489,4439413,NA
S,2026-03-08,02:27:39,G,00:00:03.400,A,230000294060,RB1,A1,35,0.7,412489,4439413,NA
S,2026-03-08,02:27:46,G,00:00:03.600,A,230000294060,RB1,A1,37,0.7,412489,4439413,NA
S,2026-03-08,02:30:57,G,00:00:00.900,A,230000294060,RB1,A1,10,0.7,412489,4439413,NA
S,2026-03-08,02:31:13,G,00:00:01.400,A,230000294060,RB1,A1,15,0.8,412489,4439413,NA
S,2026-03-08,02:40:26,G,00:00:00.800,W,00000000000000012548,RB1,A1,9,0.8,412489,4439413,NA
S,2026-03-08,02:55:15,G,00:00:00.800,W,00000000000000012548,RB1,A1,9,0.7,412489,4439413,NA
S,2026-03-08,02:58:19,G,00:00:03.500,A,230000294060,RB1,A1,36,0.8,412489,4439413,NA
S,2026-03-08,02:58:26,G,00:00:00.300,A,230000294060,RB1,A1,4,0.8,412489,4439413,NA
S,2026-03-08,02:58:28,G,00:00:00.000,A,230000294060,RB1,A1,1,0.7,412489,4439413,NA
S,2026-03-08,02:58:32,G,00:00:04.500,A,230000294060,RB1,A1,46,0.7,412489,4439413,NA
S,2026-03-08,02:10:16,G,00:00:00.900,W,00000000000000012564,RB2,A1,10,0.8,412489,4439413,NA
S,2026-03-08,02:25:08,G,00:00:00.900,W,00000000000000012564,RB2,A1,10,0.8,412489,4439413,NA
S,2026-03-08,02:39:59,G,00:00:00.900,W,00000000000000012564,RB2,A1,10,0.7,412489,4439413,NA
S,2026-03-08,02:54:51,G,00:00:00.900,W,00000000000000012564,RB2,A1,10,0.8,412489,4439413,NA
S,2026-03-08,02:59:33,G,00:00:03.700,A,230000294060,RB2,A1,38,0.8,412489,4439413,NA
S,2026-03-08,02:08:44,G,00:00:00.900,W,00000000000000005154,HP3,A1,10,0.9,414375,4440241,NA
S,2026-03-08,02:23:39,G,00:00:00.900,W,00000000000000005154,HP3,A1,10,0.8,414375,4440241,NA
S,2026-03-08,02:38:34,G,00:00:00.900,W,00000000000000005154,HP3,A1,10,0.8,414375,4440241,NA
S,2026-03-08,02:53:30,G,00:00:00.800,W,00000000000000005154,HP3,A1,9,0.8,414375,4440241,NA
S,2026-03-08,02:06:19,G,00:00:00.800,W,00000000000000005665,HP4,A1,9,0.8,414375,4440241,NA
S,2026-03-08,02:21:09,G,00:00:00.900,W,00000000000000005665,HP4,A1,10,0.8,414375,4440241,NA
S,2026-03-08,02:35:59,G,00:00:00.900,W,00000000000000005665,HP4,A1,10,0.8,414375,4440241,NA
S,2026-03-08,02:50:49,G,00:00:00.900,W,00000000000000005665,HP4,A1,10,0.8,414375,4440241,NA
S,2026-03-08,02:02:40,G,00:00:00.000,A,226000380208,CF5,A1,1,1,416965,4439369,NA
S,2026-03-08,02:09:29,G,00:00:00.900,W,00000000000000001570,CF5,A1,10,0.9,416965,4439369,NA
S,2026-03-08,02:10:03,G,00:00:00.000,A,226000380208,CF5,A1,1,1,416965,4439369,NA
S,2026-03-08,02:10:06,G,00:00:00.000,A,226000380208,CF5,A1,1,1,416965,4439369,NA
S,2026-03-08,02:10:38,G,00:00:01.200,A,226000380208,CF5,A1,13,1,416965,4439369,NA
S,2026-03-08,02:11:15,G,00:13:00.100,A,226000380208,CF5,A1,7802,1,416965,4439369,NA
S,2026-03-08,02:24:15,G,00:00:00.400,W,00000000000000001570,CF5,A1,5,1,416965,4439369,NA
S,2026-03-08,02:24:16,G,00:12:40.300,A,226000380208,CF5,A1,7604,1,416965,4439369,NA
S,2026-03-08,02:36:58,G,00:00:09.100,A,226000380208,CF5,A1,92,1,416965,4439369,NA
S,2026-03-08,02:37:09,G,00:00:55.400,A,226000380208,CF5,A1,555,1.0,416965,4439369,NA
S,2026-03-08,02:38:07,G,00:00:04.000,A,226000380208,CF5,A1,41,1,416965,4439369,NA
S,2026-03-08,02:38:13,G,00:00:02.600,A,226000380208,CF5,A1,27,1,416965,4439369,NA
S,2026-03-08,02:38:18,G,00:00:02.400,A,226000380208,CF5,A1,25,1,416965,4439369,NA
S,2026-03-08,02:38:22,G,00:00:00.000,A,226000380208,CF5,A1,1,1,416965,4439369,NA
S,2026-03-08,02:38:23,G,00:00:00.000,A,226000380208,CF5,A1,1,1,416965,4439369,NA
S,2026-03-08,02:38:25,G,00:00:02.800,A,226000380208,CF5,A1,29,1,416965,4439369,NA
S,2026-03-08,02:38:29,G,00:00:00.000,A,226000380208,CF5,A1,1,1,416965,4439369,NA
S,2026-03-08,02:38:30,G,00:00:00.000,A,226000380208,CF5,A1,1,1,416965,4439369,NA
S,2026-03-08,02:38:33,G,00:00:01.000,A,226000380208,CF5,A1,11,1,416965,4439369,NA
S,2026-03-08,02:38:58,G,00:00:00.000,A,226000380208,CF5,A1,1,1,416965,4439369,NA
S,2026-03-08,02:39:01,G,00:00:00.900,W,00000000000000001570,CF5,A1,10,1,416965,4439369,NA
S,2026-03-08,02:39:49,G,00:00:00.000,A,226000380208,CF5,A1,1,1,416965,4439369,NA
S,2026-03-08,02:40:29,G,00:00:00.900,A,226000380208,CF5,A1,10,1,416965,4439369,NA
S,2026-03-08,02:40:35,G,00:00:00.000,A,226000380208,CF5,A1,1,1,416965,4439369,NA
S,2026-03-08,02:40:41,G,00:00:00.900,A,226000380208,CF5,A1,10,1,416965,4439369,NA
S,2026-03-08,02:40:49,G,00:00:00.000,A,226000380208,CF5,A1,1,1,416965,4439369,NA
S,2026-03-08,02:40:51,G,00:00:00.000,A,226000380208,CF5,A1,1,1,416965,4439369,NA
S,2026-03-08,02:40:55,G,00:00:00.900,A,226000380208,CF5,A1,10,1,416965,4439369,NA
S,2026-03-08,02:40:59,G,00:00:00.000,A,226000380208,CF5,A1,1,1,416965,4439369,NA
S,2026-03-08,02:41:01,G,00:00:00.000,A,226000380208,CF5,A1,1,1,416965,4439369,NA
S,2026-03-08,02:41:08,G,00:00:02.800,A,226000380208,CF5,A1,29,1,416965,4439369,NA
S,2026-03-08,02:41:14,G,00:00:00.000,A,226000380208,CF5,A1,1,1,416965,4439369,NA
S,2026-03-08,02:41:16,G,00:00:00.000,A,226000380208,CF5,A1,1,1,416965,4439369,NA
S,2026-03-08,02:41:31,G,00:00:00.000,A,226000380208,CF5,A1,1,1,416965,4439369,NA
S,2026-03-08,02:41:33,G,00:00:00.000,A,226000380208,CF5,A1,1,1,416965,4439369,NA
S,2026-03-08,02:41:39,G,00:00:00.000,A,226000380208,CF5,A1,1,1,416965,4439369,NA
S,2026-03-08,02:42:03,G,00:00:00.000,A,226000380208,CF5,A1,1,1,416965,4439369,NA
S,2026-03-08,02:42:16,G,00:00:00.000,A,226000380208,CF5,A1,1,1,416965,4439369,NA
S,2026-03-08,02:42:27,G,00:00:00.000,A,226000380208,CF5,A1,1,1,416965,4439369,NA
S,2026-03-08,02:42:31,G,00:00:00.000,A,226000380208,CF5,A1,1,1,416965,4439369,NA
S,2026-03-08,02:43:40,G,00:00:00.000,A,226000380208,CF5,A1,1,1,416965,4439369,NA
S,2026-03-08,02:44:15,G,00:00:01.600,A,226000380208,CF5,A1,17,1,416965,4439369,NA
S,2026-03-08,02:44:19,G,00:00:00.300,A,226000380208,CF5,A1,4,1,416965,4439369,NA
S,2026-03-08,02:53:47,G,00:00:00.900,W,00000000000000001570,CF5,A1,10,0.9,416965,4439369,NA
S,2026-03-08,02:06:25,G,00:00:00.900,W,00000000000000005396,CF6,A1,10,1.1,416965,4439369,NA
S,2026-03-08,02:21:19,G,00:00:00.800,W,00000000000000005396,CF6,A1,9,1.1,416965,4439369,NA
S,2026-03-08,02:36:12,G,00:00:00.900,W,00000000000000005396,CF6,A1,10,1.1,416965,4439369,NA
S,2026-03-08,02:51:06,G,00:00:00.900,W,00000000000000005396,CF6,A1,10,1.1,416965,4439369,NA
S,2026-03-08,02:26:55,G,00:00:00.900,W,00000000000000012438,CD1,A1,10,0.6,415802,4439907,NA
S,2026-03-08,02:46:34,G,00:00:00.000,W,00000000000000002323,CD1,A1,1,0.6,415802,4439907,NA
S,2026-03-08,02:57:47,G,00:00:00.900,W,00000000000000012438,CD1,A1,10,0.9,415802,4439907,NA
S,2026-03-08,02:01:58,G,00:00:00.100,W,00000000000000002323,CD2,A1,2,0.9,415802,4439907,NA
S,2026-03-08,02:16:50,G,00:00:00.100,W,00000000000000002323,CD2,A1,2,0.7,415802,4439907,NA
S,2026-03-08,02:26:55,G,00:00:00.100,W,00000000000000012438,CD2,A1,2,0.6,415802,4439907,NA
S,2026-03-08,02:31:42,G,00:00:00.200,W,00000000000000002323,CD2,A1,3,0.6,415802,4439907,NA
S,2026-03-08,02:46:33,G,00:00:00.100,W,00000000000000002323,CD2,A1,2,0.8,415802,4439907,NA
S,2026-03-08,02:57:47,G,00:00:00.000,W,00000000000000012438,CD2,A1,1,0.8,415802,4439907,NA
S,2026-03-08,02:03:39,G,00:00:00.100,W,00000000000000012626,CS1,A1,2,0.5,415787,4439908,NA
S,2026-03-08,02:18:31,G,00:00:00.100,W,00000000000000012626,CS1,A1,2,0.5,415787,4439908,NA
S,2026-03-08,02:33:22,G,00:00:00.100,W,00000000000000012626,CS1,A1,2,0.5,415787,4439908,NA
S,2026-03-08,02:48:13,G,00:00:00.200,W,00000000000000012626,CS1,A1,3,0.5,415787,4439908,NA
S,2026-03-08,02:05:20,G,00:00:00.100,W,00000000000000004372,CS2,A1,2,0.6,415787,4439908,NA
S,2026-03-08,02:20:17,G,00:00:00.100,W,00000000000000004372,CS2,A1,2,0.5,415787,4439908,NA
S,2026-03-08,02:35:14,G,00:00:00.100,W,00000000000000004372,CS2,A1,2,0.5,415787,4439908,NA
S,2026-03-08,02:50:10,G,00:00:00.100,W,00000000000000004372,CS2,A1,2,0.6,415787,4439908,NA
S,2026-03-08,02:08:01,G,00:00:00.900,W,00000000000000012441,CU1,A1,10,0.7,416723,4439438,NA
S,2026-03-08,02:22:51,G,00:00:00.800,W,00000000000000012441,CU1,A1,9,0.7,416723,4439438,NA
S,2026-03-08,02:37:41,G,00:00:00.900,W,00000000000000012441,CU1,A1,10,0.7,416723,4439438,NA
S,2026-03-08,02:52:31,G,00:00:00.800,W,00000000000000012441,CU1,A1,9,0.7,416723,4439438,NA
S,2026-03-08,02:01:04,G,00:00:00.200,W,00000000000000012625,CU2,A1,3,0.8,416723,4439438,NA
S,2026-03-08,02:15:54,G,00:00:00.100,W,00000000000000012625,CU2,A1,2,0.8,416723,4439438,NA
S,2026-03-08,02:30:44,G,00:00:00.200,W,00000000000000012625,CU2,A1,3,0.7,416723,4439438,NA
S,2026-03-08,02:45:34,G,00:00:00.100,W,00000000000000012625,CU2,A1,2,0.8,416723,4439438,NA
