dateTime,Water_Level_NoIce_ft_apr2Cal
10/18/2023 10:00,0.669
10/18/2023 11:00,0.643
10/18/2023 12:00,0.652
10/18/2023 13:00,0.649
10/18/2023 14:00,0.657
10/18/2023 15:00,0.657
10/18/2023 16:00,0.663
10/18/2023 17:00,0.661
10/18/2023 18:00,0.663
10/18/2023 19:00,0.663
10/18/2023 20:00,0.66
10/18/2023 21:00,0.665
10/18/2023 22:00,0.657
10/18/2023 23:00,0.655
10/19/2023 0:00,0.656
10/19/2023 1:00,0.656
10/19/2023 2:00,0.649
10/19/2023 3:00,0.651
10/19/2023 4:00,0.646
10/19/2023 5:00,0.65
10/19/2023 6:00,0.644
10/19/2023 7:00,0.636
10/19/2023 8:00,0.632
10/19/2023 9:00,0.636
10/19/2023 10:00,0.654
10/19/2023 11:00,0.667
10/19/2023 12:00,0.668
10/19/2023 13:00,0.679
10/19/2023 14:00,0.663
10/19/2023 15:00,0.667
10/19/2023 16:00,0.663
10/19/2023 17:00,0.66
10/19/2023 18:00,0.659
10/19/2023 19:00,0.659
10/19/2023 20:00,0.651
10/19/2023 21:00,0.636
10/19/2023 22:00,0.625
10/19/2023 23:00,0.632
10/20/2023 0:00,0.625
10/20/2023 1:00,0.623
10/20/2023 2:00,0.623
10/20/2023 3:00,0.622
10/20/2023 4:00,0.617
10/20/2023 5:00,0.618
10/20/2023 6:00,0.62
10/20/2023 7:00,0.626
10/20/2023 8:00,0.626
10/20/2023 9:00,0.635
10/20/2023 10:00,0.635
10/20/2023 11:00,0.646
10/20/2023 12:00,0.654
10/20/2023 13:00,0.664
10/20/2023 14:00,0.672
10/20/2023 15:00,0.685
10/20/2023 16:00,0.686
10/20/2023 17:00,0.681
10/20/2023 18:00,0.69
10/20/2023 19:00,0.686
10/20/2023 20:00,0.679
10/20/2023 21:00,0.683
10/20/2023 22:00,0.672
10/20/2023 23:00,0.664
10/21/2023 0:00,0.66
10/21/2023 1:00,0.666
10/21/2023 2:00,0.659
10/21/2023 3:00,0.655
10/21/2023 4:00,0.648
10/21/2023 5:00,0.652
10/21/2023 6:00,0.664
10/21/2023 7:00,0.731
10/21/2023 8:00,0.754
10/21/2023 9:00,0.761
10/21/2023 10:00,0.781
10/21/2023 11:00,0.788
10/21/2023 12:00,0.799
10/21/2023 13:00,0.814
10/21/2023 14:00,0.821
10/21/2023 15:00,0.823
10/21/2023 16:00,0.821
10/21/2023 17:00,0.832
10/21/2023 18:00,0.839
10/21/2023 19:00,0.839
10/21/2023 20:00,0.832
10/21/2023 21:00,0.824
10/21/2023 22:00,0.826
10/21/2023 23:00,0.824
10/22/2023 0:00,0.827
10/22/2023 1:00,0.832
10/22/2023 2:00,0.83
10/22/2023 3:00,0.825
10/22/2023 4:00,0.818
10/22/2023 5:00,0.812
10/22/2023 6:00,0.82
10/22/2023 7:00,0.812
10/22/2023 8:00,0.812
10/22/2023 9:00,0.814
10/22/2023 10:00,0.811
10/22/2023 11:00,0.811
10/22/2023 12:00,0.821
10/22/2023 13:00,0.825
10/22/2023 14:00,0.827
10/22/2023 15:00,0.833
10/22/2023 16:00,0.832
10/22/2023 17:00,0.834
10/22/2023 18:00,0.833
10/22/2023 19:00,0.837
10/22/2023 20:00,0.828
10/22/2023 21:00,0.827
10/22/2023 22:00,0.819
10/22/2023 23:00,0.823
10/23/2023 0:00,0.816
10/23/2023 1:00,0.813
10/23/2023 2:00,0.816
10/23/2023 3:00,0.81
10/23/2023 4:00,0.818
10/23/2023 5:00,0.809
10/23/2023 6:00,0.806
10/23/2023 7:00,0.799
10/23/2023 8:00,0.8
10/23/2023 9:00,0.803
10/23/2023 10:00,0.805
10/23/2023 11:00,0.808
10/23/2023 12:00,0.815
10/23/2023 13:00,0.821
10/23/2023 14:00,0.822
10/23/2023 15:00,0.827
10/23/2023 16:00,0.818
10/23/2023 17:00,0.827
10/23/2023 18:00,0.84
10/23/2023 19:00,0.83
10/23/2023 20:00,0.827
10/23/2023 21:00,0.824
10/23/2023 22:00,0.822
10/23/2023 23:00,0.821
10/24/2023 0:00,0.816
10/24/2023 1:00,0.814
10/24/2023 2:00,0.816
10/24/2023 3:00,0.803
10/24/2023 4:00,0.803
10/24/2023 5:00,0.806
10/24/2023 6:00,0.798
10/24/2023 7:00,0.8
10/24/2023 8:00,0.803
10/24/2023 9:00,0.79
10/24/2023 10:00,0.784
10/24/2023 11:00,0.796
10/24/2023 12:00,0.776
10/24/2023 13:00,0.78
10/24/2023 14:00,0.77
10/24/2023 15:00,0.759
10/24/2023 16:00,0.774
10/24/2023 17:00,0.776
10/24/2023 18:00,0.773
10/24/2023 19:00,0.782
10/24/2023 20:00,0.785
10/24/2023 21:00,0.779
10/24/2023 22:00,0.786
10/24/2023 23:00,0.781
10/25/2023 0:00,0.785
10/25/2023 1:00,0.776
10/25/2023 2:00,0.779
10/25/2023 3:00,0.782
10/25/2023 4:00,0.785
10/25/2023 5:00,0.784
10/25/2023 6:00,0.785
10/25/2023 7:00,0.778
10/25/2023 8:00,0.789
10/25/2023 9:00,0.778
10/25/2023 10:00,0.792
10/25/2023 11:00,0.796
10/25/2023 12:00,0.804
10/25/2023 13:00,0.812
10/25/2023 14:00,1.131
10/25/2023 15:00,1.049
10/25/2023 16:00,0.847
10/25/2023 17:00,0.803
10/25/2023 18:00,0.815
10/25/2023 19:00,0.817
10/25/2023 20:00,0.842
10/25/2023 21:00,0.831
10/25/2023 22:00,0.822
10/25/2023 23:00,0.823
10/26/2023 0:00,0.82
10/26/2023 1:00,0.816
10/26/2023 2:00,0.819
10/26/2023 3:00,0.811
10/26/2023 4:00,0.816
10/26/2023 5:00,0.81
10/26/2023 6:00,0.814
10/26/2023 7:00,0.809
10/26/2023 8:00,0.808
10/26/2023 9:00,0.815
10/26/2023 10:00,0.819
10/26/2023 11:00,0.827
10/26/2023 12:00,0.825
10/26/2023 13:00,0.814
10/26/2023 14:00,0.838
10/26/2023 15:00,0.834
10/26/2023 16:00,0.835
10/26/2023 17:00,0.842
10/26/2023 18:00,0.845
10/26/2023 19:00,0.833
10/26/2023 20:00,0.829
10/26/2023 21:00,0.82
10/26/2023 22:00,0.817
10/26/2023 23:00,0.816
10/27/2023 0:00,0.823
10/27/2023 1:00,0.818
10/27/2023 2:00,0.815
10/27/2023 3:00,0.811
10/27/2023 4:00,0.817
10/27/2023 5:00,0.814
10/27/2023 6:00,0.817
10/27/2023 7:00,0.809
10/27/2023 8:00,0.807
10/27/2023 9:00,0.802
10/27/2023 10:00,0.801
10/27/2023 11:00,0.807
10/27/2023 12:00,0.808
10/27/2023 13:00,0.818
10/27/2023 14:00,0.828
10/27/2023 15:00,0.818
10/27/2023 16:00,0.818
10/27/2023 17:00,0.82
10/27/2023 18:00,0.819
10/27/2023 19:00,0.82
10/27/2023 20:00,0.82
10/27/2023 21:00,0.805
10/27/2023 22:00,0.81
10/27/2023 23:00,0.805
10/28/2023 0:00,0.805
10/28/2023 1:00,0.807
10/28/2023 2:00,0.809
10/28/2023 3:00,0.795
10/28/2023 4:00,0.803
10/28/2023 5:00,0.808
10/28/2023 6:00,0.813
10/28/2023 7:00,0.822
10/28/2023 8:00,0.821
10/28/2023 9:00,0.83
10/28/2023 10:00,0.833
10/28/2023 11:00,0.838
10/28/2023 12:00,0.843
10/28/2023 13:00,0.841
10/28/2023 14:00,0.852
10/28/2023 15:00,0.851
10/28/2023 16:00,0.852
10/28/2023 17:00,0.863
10/28/2023 18:00,0.875
10/28/2023 19:00,0.881
10/28/2023 20:00,0.886
10/28/2023 21:00,0.883
10/28/2023 22:00,0.887
10/28/2023 23:00,0.887
10/29/2023 0:00,0.88
10/29/2023 1:00,0.887
10/29/2023 2:00,0.886
10/29/2023 3:00,0.876
10/29/2023 4:00,0.884
10/29/2023 5:00,0.886
10/29/2023 6:00,0.886
10/29/2023 7:00,0.883
10/29/2023 8:00,0.881
10/29/2023 9:00,0.884
10/29/2023 10:00,0.882
10/29/2023 11:00,0.881
10/29/2023 12:00,0.871
10/29/2023 13:00,0.875
10/29/2023 14:00,0.881
10/29/2023 15:00,0.878
10/29/2023 16:00,0.879
10/29/2023 17:00,0.868
10/29/2023 18:00,0.864
10/29/2023 19:00,0.846
10/29/2023 20:00,0.844
10/29/2023 21:00,0.824
10/29/2023 22:00,0.828
10/29/2023 23:00,0.827
10/30/2023 0:00,0.814
10/30/2023 1:00,0.812
10/30/2023 2:00,0.803
10/30/2023 3:00,0.773
10/30/2023 4:00,0.781
10/30/2023 5:00,0.783
10/30/2023 6:00,0.786
10/30/2023 7:00,0.781
10/30/2023 8:00,0.77
10/30/2023 9:00,0.767
10/30/2023 10:00,0.753
10/30/2023 11:00,0.76
10/30/2023 12:00,0.782
10/30/2023 13:00,0.807
10/30/2023 14:00,0.822
10/30/2023 15:00,0.814
10/30/2023 16:00,0.813
10/30/2023 17:00,0.809
10/30/2023 18:00,0.807
10/30/2023 19:00,0.797
10/30/2023 20:00,0.792
10/30/2023 21:00,0.785
10/30/2023 22:00,0.78
10/30/2023 23:00,0.774
10/31/2023 0:00,0.768
10/31/2023 1:00,0.748
10/31/2023 2:00,0.724
10/31/2023 3:00,0.728
10/31/2023 4:00,0.721
10/31/2023 5:00,0.714
10/31/2023 6:00,0.715
10/31/2023 7:00,0.713
10/31/2023 8:00,0.712
10/31/2023 9:00,0.72
10/31/2023 10:00,0.734
10/31/2023 11:00,0.716
10/31/2023 12:00,0.718
10/31/2023 13:00,0.759
10/31/2023 14:00,0.776
10/31/2023 15:00,0.779
10/31/2023 16:00,0.794
10/31/2023 17:00,0.812
10/31/2023 18:00,0.824
10/31/2023 19:00,0.844
10/31/2023 20:00,0.837
10/31/2023 21:00,0.857
10/31/2023 22:00,0.847
10/31/2023 23:00,0.82
11/1/2023 0:00,0.799
11/1/2023 1:00,0.779
11/1/2023 2:00,0.777
11/1/2023 3:00,0.773
11/1/2023 4:00,0.766
11/1/2023 5:00,0.762
11/1/2023 6:00,0.757
11/1/2023 7:00,0.749
11/1/2023 8:00,0.731
11/1/2023 9:00,0.734
11/1/2023 10:00,0.741
11/1/2023 11:00,0.746
11/1/2023 12:00,0.763
11/1/2023 13:00,0.791
11/1/2023 14:00,0.804
11/1/2023 15:00,0.832
11/1/2023 16:00,0.829
11/1/2023 17:00,0.854
11/1/2023 18:00,0.86
11/1/2023 19:00,0.85
11/1/2023 20:00,0.831
11/1/2023 21:00,0.868
11/1/2023 22:00,0.88
11/1/2023 23:00,0.866
11/2/2023 0:00,0.872
11/2/2023 1:00,0.862
11/2/2023 2:00,0.858
11/2/2023 3:00,0.851
11/2/2023 4:00,0.826
11/2/2023 5:00,0.815
11/2/2023 6:00,0.802
11/2/2023 7:00,0.792
11/2/2023 8:00,0.778
11/2/2023 9:00,0.771
11/2/2023 10:00,0.764
11/2/2023 11:00,0.783
11/2/2023 12:00,0.831
11/2/2023 13:00,0.841
11/2/2023 14:00,0.849
11/2/2023 15:00,0.842
11/2/2023 16:00,0.857
11/2/2023 17:00,0.844
11/2/2023 18:00,0.84
11/2/2023 19:00,0.828
11/2/2023 20:00,0.856
11/2/2023 21:00,0.881
11/2/2023 22:00,0.869
11/2/2023 23:00,0.894
11/3/2023 0:00,0.898
11/3/2023 1:00,0.896
11/3/2023 2:00,0.891
11/3/2023 3:00,0.886
11/3/2023 4:00,0.874
11/3/2023 5:00,0.873
11/3/2023 6:00,0.869
11/3/2023 7:00,0.87
11/3/2023 8:00,0.851
11/3/2023 9:00,0.841
11/3/2023 10:00,0.84
11/3/2023 11:00,0.855
11/3/2023 12:00,0.858
11/3/2023 13:00,0.878
11/3/2023 14:00,0.886
11/3/2023 15:00,0.883
11/3/2023 16:00,0.867
11/3/2023 17:00,0.87
11/3/2023 18:00,0.873
11/3/2023 19:00,0.866
11/3/2023 20:00,0.864
11/3/2023 21:00,0.862
11/3/2023 22:00,0.871
11/3/2023 23:00,0.867
11/4/2023 0:00,0.854
11/4/2023 1:00,0.862
11/4/2023 2:00,0.877
11/4/2023 3:00,0.869
11/4/2023 4:00,0.877
11/4/2023 5:00,0.877
11/4/2023 6:00,0.884
11/4/2023 7:00,0.882
11/4/2023 8:00,0.881
11/4/2023 9:00,0.878
11/4/2023 10:00,0.885
11/4/2023 11:00,0.875
11/4/2023 12:00,0.875
11/4/2023 13:00,0.877
11/4/2023 14:00,0.878
11/4/2023 15:00,0.871
11/4/2023 16:00,0.873
11/4/2023 17:00,0.863
11/4/2023 18:00,0.871
11/4/2023 19:00,0.861
11/4/2023 20:00,0.856
11/4/2023 21:00,0.86
11/4/2023 22:00,0.85
11/4/2023 23:00,0.855
11/5/2023 0:00,0.848
11/5/2023 1:00,0.852
11/5/2023 2:00,0.857
11/5/2023 3:00,0.857
11/5/2023 4:00,0.852
11/5/2023 5:00,0.851
11/5/2023 6:00,0.849
11/5/2023 7:00,0.842
11/5/2023 8:00,0.842
11/5/2023 9:00,0.84
11/5/2023 10:00,0.841
11/5/2023 11:00,0.858
11/5/2023 12:00,0.859
11/5/2023 13:00,0.866
11/5/2023 14:00,0.859
11/5/2023 15:00,0.857
11/5/2023 16:00,0.842
11/5/2023 17:00,0.83
11/5/2023 18:00,0.839
11/5/2023 19:00,0.836
11/5/2023 20:00,0.837
11/5/2023 21:00,0.845
11/5/2023 22:00,0.854
11/5/2023 23:00,0.848
11/6/2023 0:00,0.845
11/6/2023 1:00,0.85
11/6/2023 2:00,0.856
11/6/2023 3:00,0.847
11/6/2023 4:00,0.801
11/6/2023 5:00,0.801
11/6/2023 6:00,0.808
11/6/2023 7:00,0.794
11/6/2023 8:00,0.775
11/6/2023 9:00,0.768
11/6/2023 10:00,0.76
11/6/2023 11:00,0.765
11/6/2023 12:00,0.765
11/6/2023 13:00,0.755
11/6/2023 14:00,0.774
11/6/2023 15:00,0.774
11/6/2023 16:00,0.797
11/6/2023 17:00,0.795
11/6/2023 18:00,0.789
11/6/2023 19:00,0.763
11/6/2023 20:00,0.757
11/6/2023 21:00,0.759
11/6/2023 22:00,0.74
11/6/2023 23:00,0.732
11/7/2023 0:00,0.728
11/7/2023 1:00,0.738
11/7/2023 2:00,0.722
11/7/2023 3:00,0.723
11/7/2023 4:00,0.728
11/7/2023 5:00,0.725
11/7/2023 6:00,0.727
11/7/2023 7:00,0.718
11/7/2023 8:00,0.714
11/7/2023 9:00,0.706
11/7/2023 10:00,0.709
11/7/2023 11:00,0.716
11/7/2023 12:00,0.72
11/7/2023 13:00,0.735
11/7/2023 14:00,0.797
11/7/2023 15:00,0.826
11/7/2023 16:00,0.829
11/7/2023 17:00,0.824
11/7/2023 18:00,0.836
11/7/2023 19:00,0.827
11/7/2023 20:00,0.828
11/7/2023 21:00,0.83
11/7/2023 22:00,0.822
11/7/2023 23:00,0.785
11/8/2023 0:00,0.802
11/8/2023 1:00,0.816
11/8/2023 2:00,0.827
11/8/2023 3:00,0.824
11/8/2023 4:00,0.817
11/8/2023 5:00,0.81
11/8/2023 6:00,0.814
11/8/2023 7:00,0.811
11/8/2023 8:00,0.816
11/8/2023 9:00,0.809
11/8/2023 10:00,0.771
11/8/2023 11:00,0.779
11/8/2023 12:00,0.795
11/8/2023 13:00,0.789
11/8/2023 14:00,0.777
11/8/2023 15:00,0.786
11/8/2023 16:00,0.777
11/8/2023 17:00,0.762
11/8/2023 18:00,0.749
11/8/2023 19:00,0.731
11/8/2023 20:00,0.718
11/8/2023 21:00,0.721
11/8/2023 22:00,0.716
11/8/2023 23:00,0.73
11/9/2023 0:00,0.72
11/9/2023 1:00,0.704
11/9/2023 2:00,0.706
11/9/2023 3:00,0.703
11/9/2023 4:00,0.698
11/9/2023 5:00,0.697
11/9/2023 6:00,0.694
11/9/2023 7:00,0.689
11/9/2023 8:00,0.678
11/9/2023 9:00,0.668
11/9/2023 10:00,0.651
11/9/2023 11:00,0.671
11/9/2023 12:00,0.698
11/9/2023 13:00,0.699
11/9/2023 14:00,0.704
11/9/2023 15:00,0.7
11/9/2023 16:00,0.702
11/9/2023 17:00,0.695
11/9/2023 18:00,0.684
11/9/2023 19:00,0.683
11/9/2023 20:00,0.674
11/9/2023 21:00,0.668
11/9/2023 22:00,0.668
11/9/2023 23:00,0.677
11/10/2023 0:00,0.689
11/10/2023 1:00,0.694
11/10/2023 2:00,0.687
11/10/2023 3:00,0.671
11/10/2023 4:00,0.664
11/10/2023 5:00,0.644
11/10/2023 6:00,0.635
11/10/2023 7:00,0.617
11/10/2023 8:00,0.62
11/10/2023 9:00,0.626
11/10/2023 10:00,0.635
11/10/2023 11:00,0.671
11/10/2023 12:00,0.651
11/10/2023 13:00,0.653
11/10/2023 14:00,0.648
11/10/2023 15:00,0.646
11/10/2023 16:00,0.65
11/10/2023 17:00,0.645
11/10/2023 18:00,0.641
11/10/2023 19:00,0.636
11/10/2023 20:00,0.626
11/10/2023 21:00,0.612
11/10/2023 22:00,0.637
11/10/2023 23:00,0.628
11/11/2023 0:00,0.624
11/11/2023 1:00,0.608
11/11/2023 2:00,0.576
11/11/2023 3:00,0.569
11/11/2023 4:00,0.567
11/11/2023 5:00,0.568
11/11/2023 6:00,0.569
11/11/2023 7:00,0.562
11/11/2023 8:00,0.579
11/11/2023 9:00,0.585
11/11/2023 10:00,0.603
11/11/2023 11:00,0.659
11/11/2023 12:00,0.664
11/11/2023 13:00,0.638
11/11/2023 14:00,0.654
11/11/2023 15:00,0.658
11/11/2023 16:00,0.658
11/11/2023 17:00,0.673
11/11/2023 18:00,0.685
11/11/2023 19:00,0.693
11/11/2023 20:00,0.691
11/11/2023 21:00,0.69
11/11/2023 22:00,0.701
11/11/2023 23:00,0.672
11/12/2023 0:00,0.653
11/12/2023 1:00,0.629
11/12/2023 2:00,0.628
11/12/2023 3:00,0.631
11/12/2023 4:00,0.628
11/12/2023 5:00,0.622
11/12/2023 6:00,0.632
11/12/2023 7:00,0.637
11/12/2023 8:00,0.657
11/12/2023 9:00,0.703
11/12/2023 10:00,0.74
11/12/2023 11:00,0.807
11/12/2023 12:00,0.733
11/12/2023 13:00,0.698
11/12/2023 14:00,0.681
11/12/2023 15:00,0.698
11/12/2023 16:00,0.677
11/12/2023 17:00,0.683
11/12/2023 18:00,0.695
11/12/2023 19:00,0.685
11/12/2023 20:00,0.674
11/12/2023 21:00,0.675
11/12/2023 22:00,0.701
11/12/2023 23:00,0.691
11/13/2023 0:00,0.679
11/13/2023 1:00,0.656
11/13/2023 2:00,0.653
11/13/2023 3:00,0.643
11/13/2023 4:00,0.63
11/13/2023 5:00,0.612
11/13/2023 6:00,0.643
11/13/2023 7:00,0.665
11/13/2023 8:00,0.665
11/13/2023 9:00,0.651
11/13/2023 10:00,0.685
11/13/2023 11:00,0.729
11/13/2023 12:00,0.689
11/13/2023 13:00,0.682
11/13/2023 14:00,0.684
11/13/2023 15:00,0.694
11/13/2023 16:00,0.669
11/13/2023 17:00,0.705
11/13/2023 18:00,0.716
11/13/2023 19:00,0.69
11/13/2023 20:00,0.668
11/13/2023 21:00,0.673
11/13/2023 22:00,0.692
11/13/2023 23:00,0.684
11/14/2023 0:00,0.665
11/14/2023 1:00,0.67
11/14/2023 2:00,0.667
11/14/2023 3:00,0.651
11/14/2023 4:00,0.644
11/14/2023 5:00,0.635
11/14/2023 6:00,0.614
11/14/2023 7:00,0.602
11/14/2023 8:00,0.605
11/14/2023 9:00,0.579
11/14/2023 10:00,0.589
11/14/2023 11:00,0.66
11/14/2023 12:00,0.611
11/14/2023 13:00,0.646
11/14/2023 14:00,0.663
11/14/2023 15:00,0.7
11/14/2023 16:00,0.687
11/14/2023 17:00,0.704
11/14/2023 18:00,0.707
11/14/2023 19:00,0.686
11/14/2023 20:00,0.665
11/14/2023 21:00,0.677
11/14/2023 22:00,0.698
11/14/2023 23:00,0.678
11/15/2023 0:00,0.683
11/15/2023 1:00,0.718
11/15/2023 2:00,0.77
11/15/2023 3:00,0.781
11/15/2023 4:00,0.763
11/15/2023 5:00,0.732
11/15/2023 6:00,0.7
11/15/2023 7:00,0.734
11/15/2023 8:00,0.742
11/15/2023 9:00,0.733
11/15/2023 10:00,0.717
11/15/2023 11:00,0.662
11/15/2023 12:00,0.676
11/15/2023 13:00,0.693
11/15/2023 14:00,0.701
11/15/2023 15:00,0.683
11/15/2023 16:00,0.682
11/15/2023 17:00,0.691
11/15/2023 18:00,0.709
11/15/2023 19:00,0.696
11/15/2023 20:00,0.679
11/15/2023 21:00,0.688
11/15/2023 22:00,0.697
11/15/2023 23:00,0.681
11/16/2023 0:00,0.695
11/16/2023 1:00,0.768
11/16/2023 2:00,0.78
11/16/2023 3:00,0.782
11/16/2023 4:00,0.777
11/16/2023 5:00,0.764
11/16/2023 6:00,0.742
11/16/2023 7:00,0.702
11/16/2023 8:00,0.669
11/16/2023 9:00,0.639
11/16/2023 10:00,0.626
11/16/2023 11:00,0.626
11/16/2023 12:00,0.63
11/16/2023 13:00,0.644
11/16/2023 14:00,0.682
11/16/2023 15:00,0.68
11/16/2023 16:00,0.685
11/16/2023 17:00,0.691
11/16/2023 18:00,0.706
11/16/2023 19:00,0.726
11/16/2023 20:00,0.743
11/16/2023 21:00,0.78
11/16/2023 22:00,0.769
11/16/2023 23:00,0.779
11/17/2023 0:00,0.793
11/17/2023 1:00,0.802
11/17/2023 2:00,0.8
11/17/2023 3:00,0.79
11/17/2023 4:00,0.784
11/17/2023 5:00,0.768
11/17/2023 6:00,0.749
11/17/2023 7:00,0.741
11/17/2023 8:00,0.733
11/17/2023 9:00,0.73
11/17/2023 10:00,0.718
11/17/2023 11:00,0.728
11/17/2023 12:00,0.718
11/17/2023 13:00,0.726
11/17/2023 14:00,0.737
11/17/2023 15:00,0.726
11/17/2023 16:00,0.731
11/17/2023 17:00,0.733
11/17/2023 18:00,0.736
11/17/2023 19:00,0.742
11/17/2023 20:00,0.732
11/17/2023 21:00,0.729
11/17/2023 22:00,0.724
11/17/2023 23:00,0.718
11/18/2023 0:00,0.726
11/18/2023 1:00,0.726
11/18/2023 2:00,0.715
11/18/2023 3:00,0.728
11/18/2023 4:00,0.712
11/18/2023 5:00,0.712
11/18/2023 6:00,0.702
11/18/2023 7:00,0.689
11/18/2023 8:00,0.694
11/18/2023 9:00,0.696
11/18/2023 10:00,0.704
11/18/2023 11:00,0.714
11/18/2023 12:00,0.74
11/18/2023 13:00,0.744
11/18/2023 14:00,0.759
11/18/2023 15:00,0.754
11/18/2023 16:00,0.752
11/18/2023 17:00,0.753
11/18/2023 18:00,0.73
11/18/2023 19:00,0.709
11/18/2023 20:00,0.692
11/18/2023 21:00,0.699
11/18/2023 22:00,0.691
11/18/2023 23:00,0.691
11/19/2023 0:00,0.729
11/19/2023 1:00,0.769
11/19/2023 2:00,0.774
11/19/2023 3:00,0.776
11/19/2023 4:00,0.777
11/19/2023 5:00,0.771
11/19/2023 6:00,0.775
11/19/2023 7:00,0.767
11/19/2023 8:00,0.755
11/19/2023 9:00,0.754
11/19/2023 10:00,0.746
11/19/2023 11:00,0.738
11/19/2023 12:00,0.746
11/19/2023 13:00,0.753
11/19/2023 14:00,0.756
11/19/2023 15:00,0.742
11/19/2023 16:00,0.738
11/19/2023 17:00,0.727
11/19/2023 18:00,0.727
11/19/2023 19:00,0.74
11/19/2023 20:00,0.731
11/19/2023 21:00,0.732
11/19/2023 22:00,0.737
11/19/2023 23:00,0.752
11/20/2023 0:00,0.754
11/20/2023 1:00,0.762
11/20/2023 2:00,0.755
11/20/2023 3:00,0.754
11/20/2023 4:00,0.746
11/20/2023 5:00,0.746
11/20/2023 6:00,0.739
11/20/2023 7:00,0.732
11/20/2023 8:00,0.733
11/20/2023 9:00,0.731
11/20/2023 10:00,0.726
11/20/2023 11:00,0.744
11/20/2023 12:00,0.742
11/20/2023 13:00,0.738
11/20/2023 14:00,0.76
11/20/2023 15:00,0.758
11/20/2023 16:00,0.744
11/20/2023 17:00,0.747
11/20/2023 18:00,0.742
11/20/2023 19:00,0.749
11/20/2023 20:00,0.732
11/20/2023 21:00,0.746
11/20/2023 22:00,0.739
11/20/2023 23:00,0.74
11/21/2023 0:00,0.751
11/21/2023 1:00,0.776
11/21/2023 2:00,0.767
11/21/2023 3:00,0.754
11/21/2023 4:00,0.749
11/21/2023 5:00,0.737
11/21/2023 6:00,0.733
11/21/2023 7:00,0.721
11/21/2023 8:00,0.726
11/21/2023 9:00,0.724
11/21/2023 10:00,0.719
11/21/2023 11:00,0.721
11/21/2023 12:00,0.717
11/21/2023 13:00,0.73
11/21/2023 14:00,0.743
11/21/2023 15:00,0.736
11/21/2023 16:00,0.739
11/21/2023 17:00,0.744
11/21/2023 18:00,0.736
11/21/2023 19:00,0.727
11/21/2023 20:00,0.73
11/21/2023 21:00,0.731
11/21/2023 22:00,0.731
11/21/2023 23:00,0.727
11/22/2023 0:00,0.722
11/22/2023 1:00,0.726
11/22/2023 2:00,0.727
11/22/2023 3:00,0.724
11/22/2023 4:00,0.708
11/22/2023 5:00,0.681
11/22/2023 6:00,0.676
11/22/2023 7:00,0.675
11/22/2023 8:00,0.676
11/22/2023 9:00,0.666
11/22/2023 10:00,0.651
11/22/2023 11:00,0.693
11/22/2023 12:00,0.689
11/22/2023 13:00,0.701
11/22/2023 14:00,0.702
11/22/2023 15:00,0.704
11/22/2023 16:00,0.707
11/22/2023 17:00,0.699
11/22/2023 18:00,0.687
11/22/2023 19:00,0.684
11/22/2023 20:00,0.679
11/22/2023 21:00,0.667
11/22/2023 22:00,0.698
11/22/2023 23:00,0.698
11/23/2023 0:00,0.683
11/23/2023 1:00,0.68
11/23/2023 2:00,0.665
11/23/2023 3:00,0.662
11/23/2023 4:00,0.663
11/23/2023 5:00,0.665
11/23/2023 6:00,0.665
11/23/2023 7:00,0.661
11/23/2023 8:00,0.65
11/23/2023 9:00,0.655
11/23/2023 10:00,0.651
11/23/2023 11:00,0.639
11/23/2023 12:00,0.659
11/23/2023 13:00,0.701
11/23/2023 14:00,0.709
11/23/2023 15:00,0.723
11/23/2023 16:00,0.713
11/23/2023 17:00,0.723
11/23/2023 18:00,0.74
11/23/2023 19:00,0.738
11/23/2023 20:00,0.733
11/23/2023 21:00,0.732
11/23/2023 22:00,0.75
11/23/2023 23:00,0.737
11/24/2023 0:00,0.736
11/24/2023 1:00,0.76
11/24/2023 2:00,0.769
11/24/2023 3:00,0.768
11/24/2023 4:00,0.77
11/24/2023 5:00,0.764
11/24/2023 6:00,0.733
11/24/2023 7:00,0.725
11/24/2023 8:00,0.715
11/24/2023 9:00,0.686
11/24/2023 10:00,0.678
11/24/2023 11:00,0.667
11/24/2023 12:00,0.697
11/24/2023 13:00,0.69
11/24/2023 14:00,0.689
11/24/2023 15:00,0.68
11/24/2023 16:00,0.69
11/24/2023 17:00,0.705
11/24/2023 18:00,0.697
11/24/2023 19:00,0.692
11/24/2023 20:00,0.696
11/24/2023 21:00,0.704
11/24/2023 22:00,0.717
11/24/2023 23:00,0.735
11/25/2023 0:00,0.741
11/25/2023 1:00,0.738
11/25/2023 2:00,0.716
11/25/2023 3:00,0.74
11/25/2023 4:00,0.743
11/25/2023 5:00,0.747
11/25/2023 6:00,0.738
11/25/2023 7:00,0.732
11/25/2023 8:00,0.729
11/25/2023 9:00,0.728
11/25/2023 10:00,0.714
11/25/2023 11:00,0.709
11/25/2023 12:00,0.706
11/25/2023 13:00,0.722
11/25/2023 14:00,0.719
11/25/2023 15:00,0.712
11/25/2023 16:00,0.72
11/25/2023 17:00,0.71
11/25/2023 18:00,0.71
11/25/2023 19:00,0.707
11/25/2023 20:00,0.703
11/25/2023 21:00,0.693
11/25/2023 22:00,0.677
11/25/2023 23:00,0.664
11/26/2023 0:00,0.648
11/26/2023 1:00,0.656
11/26/2023 2:00,0.678
11/26/2023 3:00,0.661
11/26/2023 4:00,0.65
11/26/2023 5:00,0.643
11/26/2023 6:00,0.63
11/26/2023 7:00,0.625
11/26/2023 8:00,0.624
11/26/2023 9:00,0.63
11/26/2023 10:00,0.63
11/26/2023 11:00,0.639
11/26/2023 12:00,0.675
11/26/2023 13:00,0.742
11/26/2023 14:00,0.764
11/26/2023 15:00,0.736
11/26/2023 16:00,0.716
11/26/2023 17:00,0.7
11/26/2023 18:00,0.7
11/26/2023 19:00,0.665
11/26/2023 20:00,0.627
11/26/2023 21:00,0.619
11/26/2023 22:00,0.578
11/26/2023 23:00,0.579
11/27/2023 0:00,0.581
11/27/2023 1:00,0.581
11/27/2023 2:00,0.573
11/27/2023 3:00,0.554
11/27/2023 4:00,0.553
11/27/2023 5:00,0.541
11/27/2023 6:00,0.547
11/27/2023 7:00,0.548
11/27/2023 8:00,0.552
11/27/2023 9:00,0.553
11/27/2023 10:00,0.552
11/27/2023 11:00,0.572
11/27/2023 12:00,0.577
11/27/2023 13:00,0.613
11/27/2023 14:00,0.701
11/27/2023 15:00,0.726
11/27/2023 16:00,0.684
11/27/2023 17:00,0.65
11/27/2023 18:00,0.619
11/27/2023 19:00,0.59
11/27/2023 20:00,0.567
11/27/2023 21:00,0.535
11/27/2023 22:00,0.518
11/27/2023 23:00,0.503
11/28/2023 0:00,0.512
11/28/2023 1:00,0.562
11/28/2023 2:00,0.713
11/28/2023 3:00,0.833
11/28/2023 4:00,0.814
11/28/2023 5:00,0.824
11/28/2023 6:00,0.802
11/28/2023 7:00,0.814
11/28/2023 8:00,0.86
11/28/2023 9:00,0.731
11/28/2023 10:00,0.712
11/28/2023 11:00,1.227
11/28/2023 12:00,1.272
11/28/2023 13:00,1.294
11/28/2023 14:00,1.417
11/28/2023 15:00,1.401
11/28/2023 16:00,1.216
11/28/2023 17:00,1.132
11/28/2023 18:00,1.076
11/28/2023 19:00,1.003
11/28/2023 20:00,0.954
11/28/2023 21:00,0.914
11/28/2023 22:00,0.886
11/28/2023 23:00,0.868
11/29/2023 0:00,0.87
11/29/2023 1:00,0.803
11/29/2023 2:00,0.88
11/29/2023 3:00,1.063
11/29/2023 4:00,1.305
11/29/2023 5:00,1.456
11/29/2023 6:00,1.56
11/29/2023 7:00,1.572
11/29/2023 8:00,1.451
11/29/2023 9:00,1.5
11/29/2023 10:00,1.583
11/29/2023 11:00,1.624
11/29/2023 12:00,1.642
11/29/2023 13:00,1.632
11/29/2023 14:00,1.675
11/29/2023 15:00,1.72
11/29/2023 16:00,1.823
11/29/2023 17:00,1.78
11/29/2023 18:00,1.746
11/29/2023 19:00,1.687
11/29/2023 20:00,1.612
11/29/2023 21:00,1.535
11/29/2023 22:00,1.497
11/29/2023 23:00,1.458
11/30/2023 0:00,1.44
11/30/2023 1:00,1.425
11/30/2023 2:00,1.423
11/30/2023 3:00,1.432
11/30/2023 4:00,1.434
11/30/2023 5:00,1.43
11/30/2023 6:00,1.428
11/30/2023 7:00,1.422
11/30/2023 8:00,1.408
11/30/2023 9:00,1.4
11/30/2023 10:00,1.395
11/30/2023 11:00,1.417
11/30/2023 12:00,1.435
11/30/2023 13:00,1.525
11/30/2023 14:00,1.614
11/30/2023 15:00,1.705
11/30/2023 16:00,1.654
11/30/2023 17:00,1.606
11/30/2023 18:00,1.555
11/30/2023 19:00,1.506
11/30/2023 20:00,1.448
11/30/2023 21:00,1.411
11/30/2023 22:00,1.393
11/30/2023 23:00,1.375
12/1/2023 0:00,1.378
12/1/2023 1:00,1.368
12/1/2023 2:00,1.378
12/1/2023 3:00,1.381
12/1/2023 4:00,1.367
12/1/2023 5:00,1.358
12/1/2023 6:00,1.361
12/1/2023 7:00,1.36
12/1/2023 8:00,1.353
12/1/2023 9:00,1.35
12/1/2023 10:00,1.367
12/1/2023 11:00,1.44
12/1/2023 12:00,1.54
12/1/2023 13:00,1.607
12/1/2023 14:00,1.558
12/1/2023 15:00,1.466
12/1/2023 16:00,1.402
12/1/2023 17:00,1.358
12/1/2023 18:00,1.327
12/1/2023 19:00,1.315
12/1/2023 20:00,1.289
12/1/2023 21:00,1.272
12/1/2023 22:00,1.24
12/1/2023 23:00,1.223
12/2/2023 0:00,1.222
12/2/2023 1:00,1.256
12/2/2023 2:00,1.268
12/2/2023 3:00,1.275
12/2/2023 4:00,1.273
12/2/2023 5:00,1.271
12/2/2023 6:00,1.254
12/2/2023 7:00,1.255
12/2/2023 8:00,1.247
12/2/2023 9:00,1.258
12/2/2023 10:00,1.266
12/2/2023 11:00,1.311
12/2/2023 12:00,1.325
12/2/2023 13:00,1.385
12/2/2023 14:00,1.59
12/2/2023 15:00,1.692
12/2/2023 16:00,1.652
12/2/2023 17:00,1.604
12/2/2023 18:00,1.582
12/2/2023 19:00,1.572
12/2/2023 20:00,1.547
12/2/2023 21:00,1.556
12/2/2023 22:00,1.551
12/2/2023 23:00,1.567
12/3/2023 0:00,1.581
12/3/2023 1:00,1.578
12/3/2023 2:00,1.582
12/3/2023 3:00,1.578
12/3/2023 4:00,1.593
12/3/2023 5:00,1.632
12/3/2023 6:00,1.796
12/3/2023 7:00,1.815
12/3/2023 8:00,1.938
12/3/2023 9:00,1.997
12/3/2023 10:00,1.969
12/3/2023 11:00,1.958
12/3/2023 12:00,1.971
12/3/2023 13:00,2.023
12/3/2023 14:00,2.083
12/3/2023 15:00,2.089
12/3/2023 16:00,2.144
12/3/2023 17:00,2.169
12/3/2023 18:00,2.178
12/3/2023 19:00,2.161
12/3/2023 20:00,2.142
12/3/2023 21:00,2.119
12/3/2023 22:00,2.11
12/3/2023 23:00,2.095
12/4/2023 0:00,2.098
12/4/2023 1:00,2.087
12/4/2023 2:00,2.082
12/4/2023 3:00,2.092
12/4/2023 4:00,2.096
12/4/2023 5:00,2.1
12/4/2023 6:00,2.102
12/4/2023 7:00,2.108
12/4/2023 8:00,2.115
12/4/2023 9:00,2.109
12/4/2023 10:00,2.112
12/4/2023 11:00,2.126
12/4/2023 12:00,2.161
12/4/2023 13:00,2.179
12/4/2023 14:00,2.17
12/4/2023 15:00,2.187
12/4/2023 16:00,2.195
12/4/2023 17:00,2.168
12/4/2023 18:00,2.153
12/4/2023 19:00,2.146
12/4/2023 20:00,2.141
12/4/2023 21:00,2.135
12/4/2023 22:00,2.121
12/4/2023 23:00,2.117
12/5/2023 0:00,2.16
12/5/2023 1:00,2.169
12/5/2023 2:00,2.171
12/5/2023 3:00,2.166
12/5/2023 4:00,2.151
12/5/2023 5:00,2.143
12/5/2023 6:00,2.141
12/5/2023 7:00,2.132
12/5/2023 8:00,2.115
12/5/2023 9:00,2.107
12/5/2023 10:00,2.091
12/5/2023 11:00,2.109
12/5/2023 12:00,2.154
12/5/2023 13:00,2.192
12/5/2023 14:00,2.177
12/5/2023 15:00,2.169
12/5/2023 16:00,2.151
12/5/2023 17:00,2.141
12/5/2023 18:00,2.13
12/5/2023 19:00,2.114
12/5/2023 20:00,2.094
12/5/2023 21:00,2.079
12/5/2023 22:00,2.062
12/5/2023 23:00,2.037
12/6/2023 0:00,2.042
12/6/2023 1:00,2.018
12/6/2023 2:00,2.01
12/6/2023 3:00,1.997
12/6/2023 4:00,1.984
12/6/2023 5:00,1.968
12/6/2023 6:00,1.951
12/6/2023 7:00,1.941
12/6/2023 8:00,1.932
12/6/2023 9:00,1.922
12/6/2023 10:00,1.927
12/6/2023 11:00,1.933
12/6/2023 12:00,1.923
12/6/2023 13:00,1.975
12/6/2023 14:00,2.055
12/6/2023 15:00,2.071
12/6/2023 16:00,2.009
12/6/2023 17:00,1.935
12/6/2023 18:00,1.916
12/6/2023 19:00,1.865
12/6/2023 20:00,1.816
12/6/2023 21:00,1.778
12/6/2023 22:00,1.751
12/6/2023 23:00,1.716
12/7/2023 0:00,1.695
12/7/2023 1:00,1.725
12/7/2023 2:00,1.831
12/7/2023 3:00,1.878
12/7/2023 4:00,1.917
12/7/2023 5:00,1.88
12/7/2023 6:00,1.841
12/7/2023 7:00,1.836
12/7/2023 8:00,1.857
12/7/2023 9:00,1.861
12/7/2023 10:00,1.893
12/7/2023 11:00,1.866
12/7/2023 12:00,1.911
12/7/2023 13:00,1.955
12/7/2023 14:00,2.046
12/7/2023 15:00,2.187
12/7/2023 16:00,2.096
12/7/2023 17:00,2.052
12/7/2023 18:00,1.93
12/7/2023 19:00,1.814
12/7/2023 20:00,1.752
12/7/2023 21:00,1.704
12/7/2023 22:00,1.686
12/7/2023 23:00,1.682
12/8/2023 0:00,1.691
12/8/2023 1:00,1.695
12/8/2023 2:00,1.711
12/8/2023 3:00,1.71
12/8/2023 4:00,1.717
12/8/2023 5:00,1.735
12/8/2023 6:00,1.72
12/8/2023 7:00,1.724
12/8/2023 8:00,1.694
12/8/2023 9:00,1.658
12/8/2023 10:00,1.672
12/8/2023 11:00,1.657
12/8/2023 12:00,1.679
12/8/2023 13:00,1.7
12/8/2023 14:00,1.681
12/8/2023 15:00,1.686
12/8/2023 16:00,1.723
12/8/2023 17:00,1.707
12/8/2023 18:00,1.681
12/8/2023 19:00,1.671
12/8/2023 20:00,1.677
12/8/2023 21:00,1.657
12/8/2023 22:00,1.639
12/8/2023 23:00,1.629
12/9/2023 0:00,1.615
12/9/2023 1:00,1.617
12/9/2023 2:00,1.622
12/9/2023 3:00,1.619
12/9/2023 4:00,1.609
12/9/2023 5:00,1.641
12/9/2023 6:00,1.655
12/9/2023 7:00,1.656
12/9/2023 8:00,1.657
12/9/2023 9:00,1.654
12/9/2023 10:00,1.649
12/9/2023 11:00,1.664
12/9/2023 12:00,1.747
12/9/2023 13:00,1.829
12/9/2023 14:00,1.862
12/9/2023 15:00,1.881
12/9/2023 16:00,1.868
12/9/2023 17:00,1.826
12/9/2023 18:00,1.776
12/9/2023 19:00,1.732
12/9/2023 20:00,1.699
12/9/2023 21:00,1.666
12/9/2023 22:00,1.658
12/9/2023 23:00,1.634
12/10/2023 0:00,1.604
12/10/2023 1:00,1.569
12/10/2023 2:00,1.564
12/10/2023 3:00,1.546
12/10/2023 4:00,1.481
12/10/2023 5:00,1.508
12/10/2023 6:00,1.428
12/10/2023 7:00,1.392
12/10/2023 8:00,1.391
12/10/2023 9:00,1.455
12/10/2023 10:00,1.485
12/10/2023 11:00,1.515
12/10/2023 12:00,1.547
12/10/2023 13:00,1.579
12/10/2023 14:00,1.622
12/10/2023 15:00,1.706
12/10/2023 16:00,1.78
12/10/2023 17:00,1.836
12/10/2023 18:00,1.834
12/10/2023 19:00,1.804
12/10/2023 20:00,1.753
12/10/2023 21:00,1.708
12/10/2023 22:00,1.667
12/10/2023 23:00,1.644
12/11/2023 0:00,1.632
12/11/2023 1:00,1.611
12/11/2023 2:00,1.618
12/11/2023 3:00,1.634
12/11/2023 4:00,1.693
12/11/2023 5:00,1.738
12/11/2023 6:00,1.75
12/11/2023 7:00,1.758
12/11/2023 8:00,1.759
12/11/2023 9:00,1.773
12/11/2023 10:00,1.792
12/11/2023 11:00,1.796
12/11/2023 12:00,1.814
12/11/2023 13:00,1.9
12/11/2023 14:00,1.958
12/11/2023 15:00,1.961
12/11/2023 16:00,1.952
12/11/2023 17:00,1.936
12/11/2023 18:00,1.907
12/11/2023 19:00,1.868
12/11/2023 20:00,1.822
12/11/2023 21:00,1.758
12/11/2023 22:00,1.71
12/11/2023 23:00,1.689
12/12/2023 0:00,1.67
12/12/2023 1:00,1.647
12/12/2023 2:00,1.63
12/12/2023 3:00,1.61
12/12/2023 4:00,1.647
12/12/2023 5:00,1.659
12/12/2023 6:00,1.677
12/12/2023 7:00,1.694
12/12/2023 8:00,1.69
12/12/2023 9:00,1.683
12/12/2023 10:00,1.678
12/12/2023 11:00,1.681
12/12/2023 12:00,1.695
12/12/2023 13:00,1.687
12/12/2023 14:00,1.709
12/12/2023 15:00,1.677
12/12/2023 16:00,1.657
12/12/2023 17:00,1.66
12/12/2023 18:00,1.633
12/12/2023 19:00,1.606
12/12/2023 20:00,1.597
12/12/2023 21:00,1.596
12/12/2023 22:00,1.609
12/12/2023 23:00,1.585
12/13/2023 0:00,1.572
12/13/2023 1:00,1.573
12/13/2023 2:00,1.588
12/13/2023 3:00,1.577
12/13/2023 4:00,1.575
12/13/2023 5:00,1.584
12/13/2023 6:00,1.592
12/13/2023 7:00,1.613
12/13/2023 8:00,1.609
12/13/2023 9:00,1.585
12/13/2023 10:00,1.578
12/13/2023 11:00,1.609
12/13/2023 12:00,1.48
12/13/2023 13:00,1.593
12/13/2023 14:00,1.687
12/13/2023 15:00,1.754
12/13/2023 16:00,1.692
12/13/2023 17:00,1.667
12/13/2023 18:00,1.644
12/13/2023 19:00,1.652
12/13/2023 20:00,1.662
12/13/2023 21:00,1.681
12/13/2023 22:00,1.681
12/13/2023 23:00,1.685
12/14/2023 0:00,1.676
12/14/2023 1:00,1.668
12/14/2023 2:00,1.66
12/14/2023 3:00,1.662
12/14/2023 4:00,1.641
12/14/2023 5:00,1.618
12/14/2023 6:00,1.592
12/14/2023 7:00,1.586
12/14/2023 8:00,1.579
12/14/2023 9:00,1.594
12/14/2023 10:00,1.6
12/14/2023 11:00,1.622
12/14/2023 12:00,1.638
12/14/2023 13:00,1.709
12/14/2023 14:00,1.757
12/14/2023 15:00,1.733
12/14/2023 16:00,1.671
12/14/2023 17:00,1.632
12/14/2023 18:00,1.588
12/14/2023 19:00,1.551
12/14/2023 20:00,1.551
12/14/2023 21:00,1.55
12/14/2023 22:00,1.549
12/14/2023 23:00,1.542
12/15/2023 0:00,1.55
12/15/2023 1:00,1.523
12/15/2023 2:00,1.529
12/15/2023 3:00,1.543
12/15/2023 4:00,1.549
12/15/2023 5:00,1.566
12/15/2023 6:00,1.563
12/15/2023 7:00,1.557
12/15/2023 8:00,1.55
12/15/2023 9:00,1.557
12/15/2023 10:00,1.546
12/15/2023 11:00,1.497
12/15/2023 12:00,1.56
12/15/2023 13:00,1.603
12/15/2023 14:00,1.658
12/15/2023 15:00,1.669
12/15/2023 16:00,1.578
12/15/2023 17:00,1.486
12/15/2023 18:00,1.419
12/15/2023 19:00,1.38
12/15/2023 20:00,1.4
12/15/2023 21:00,1.361
12/15/2023 22:00,1.331
12/15/2023 23:00,1.3
12/16/2023 0:00,1.34
12/16/2023 1:00,1.364
12/16/2023 2:00,1.393
12/16/2023 3:00,1.408
12/16/2023 4:00,1.383
12/16/2023 5:00,1.386
12/16/2023 6:00,1.332
12/16/2023 7:00,1.368
12/16/2023 8:00,1.394
12/16/2023 9:00,1.37
12/16/2023 10:00,1.373
12/16/2023 11:00,1.331
12/16/2023 12:00,1.34
12/16/2023 13:00,1.311
12/16/2023 14:00,1.43
12/16/2023 15:00,1.623
12/16/2023 16:00,1.756
12/16/2023 17:00,1.763
12/16/2023 18:00,1.856
12/16/2023 19:00,1.916
12/16/2023 20:00,1.839
12/16/2023 21:00,1.787
12/16/2023 22:00,1.723
12/16/2023 23:00,1.709
12/17/2023 0:00,1.691
12/17/2023 1:00,1.647
12/17/2023 2:00,1.612
12/17/2023 3:00,1.505
12/17/2023 4:00,1.491
12/17/2023 5:00,1.425
12/17/2023 6:00,1.432
12/17/2023 7:00,1.392
12/17/2023 8:00,1.362
12/17/2023 9:00,1.341
12/17/2023 10:00,1.319
12/17/2023 11:00,1.316
12/17/2023 12:00,1.349
12/17/2023 13:00,1.355
12/17/2023 14:00,1.495
12/17/2023 15:00,1.681
12/17/2023 16:00,1.808
12/17/2023 17:00,1.977
12/17/2023 18:00,1.963
12/17/2023 19:00,1.907
12/17/2023 20:00,1.819
12/17/2023 21:00,1.686
12/17/2023 22:00,1.461
12/17/2023 23:00,1.39
12/18/2023 0:00,1.359
12/18/2023 1:00,1.348
12/18/2023 2:00,1.329
12/18/2023 3:00,1.326
12/18/2023 4:00,1.327
12/18/2023 5:00,1.339
12/18/2023 6:00,1.326
12/18/2023 7:00,1.329
12/18/2023 8:00,1.324
12/18/2023 9:00,1.286
12/18/2023 10:00,1.273
12/18/2023 11:00,1.331
12/18/2023 12:00,1.381
12/18/2023 13:00,1.215
12/18/2023 14:00,0.871
12/18/2023 15:00,1.548
12/18/2023 16:00,1.721
12/18/2023 17:00,2.012
12/18/2023 18:00,2.065
12/18/2023 19:00,2.093
12/18/2023 20:00,2.046
12/18/2023 21:00,1.894
12/18/2023 22:00,1.772
12/18/2023 23:00,1.699
12/19/2023 0:00,1.62
12/19/2023 1:00,1.576
12/19/2023 2:00,1.523
12/19/2023 3:00,1.505
12/19/2023 4:00,1.482
12/19/2023 5:00,1.476
12/19/2023 6:00,1.473
12/19/2023 7:00,1.459
12/19/2023 8:00,1.481
12/19/2023 9:00,1.472
12/19/2023 10:00,1.471
12/19/2023 11:00,1.302
12/19/2023 12:00,0.953
12/19/2023 13:00,0.859
12/19/2023 14:00,1.43
12/19/2023 15:00,1.535
12/19/2023 16:00,1.528
12/19/2023 17:00,1.496
12/19/2023 18:00,1.444
12/19/2023 19:00,1.461
12/19/2023 20:00,1.547
12/19/2023 21:00,1.591
12/19/2023 22:00,1.619
12/19/2023 23:00,1.637
12/20/2023 0:00,1.68
12/20/2023 1:00,1.692
12/20/2023 2:00,1.705
12/20/2023 3:00,1.702
12/20/2023 4:00,1.672
12/20/2023 5:00,1.65
12/20/2023 6:00,1.645
12/20/2023 7:00,1.642
12/20/2023 8:00,1.637
12/20/2023 9:00,1.637
12/20/2023 10:00,1.643
12/20/2023 11:00,1.624
12/20/2023 12:00,1.651
12/20/2023 13:00,1.704
12/20/2023 14:00,1.745
12/20/2023 15:00,1.746
12/20/2023 16:00,1.7
12/20/2023 17:00,1.754
12/20/2023 18:00,1.875
12/20/2023 19:00,1.892
12/20/2023 20:00,1.855
12/20/2023 21:00,1.694
12/20/2023 22:00,1.649
12/20/2023 23:00,1.617
12/21/2023 0:00,1.59
12/21/2023 1:00,1.59
12/21/2023 2:00,1.691
12/21/2023 3:00,1.658
12/21/2023 4:00,1.643
12/21/2023 5:00,1.638
12/21/2023 6:00,1.621
12/21/2023 7:00,1.563
12/21/2023 8:00,1.616
12/21/2023 9:00,1.551
12/21/2023 10:00,1.622
12/21/2023 11:00,1.564
12/21/2023 12:00,1.628
12/21/2023 13:00,1.665
12/21/2023 14:00,1.696
12/21/2023 15:00,1.71
12/21/2023 16:00,1.63
12/21/2023 17:00,1.552
12/21/2023 18:00,1.528
12/21/2023 19:00,1.488
12/21/2023 20:00,1.363
12/21/2023 21:00,1.279
12/21/2023 22:00,1.207
12/21/2023 23:00,1.107
12/22/2023 0:00,1.094
12/22/2023 1:00,0.994
12/22/2023 2:00,1.052
12/22/2023 3:00,1.07
12/22/2023 4:00,1.149
12/22/2023 5:00,1.215
12/22/2023 6:00,1.213
12/22/2023 7:00,1.216
12/22/2023 8:00,1.24
12/22/2023 9:00,1.28
12/22/2023 10:00,1.308
12/22/2023 11:00,1.383
12/22/2023 12:00,1.483
12/22/2023 13:00,1.686
12/22/2023 14:00,1.623
12/22/2023 15:00,1.527
12/22/2023 16:00,1.528
12/22/2023 17:00,1.493
12/22/2023 18:00,1.405
12/22/2023 19:00,1.366
12/22/2023 20:00,1.352
12/22/2023 21:00,1.464
12/22/2023 22:00,1.523
12/22/2023 23:00,1.526
12/23/2023 0:00,1.523
12/23/2023 1:00,1.52
12/23/2023 2:00,1.485
12/23/2023 3:00,1.42
12/23/2023 4:00,1.418
12/23/2023 5:00,1.411
12/23/2023 6:00,1.471
12/23/2023 7:00,1.471
12/23/2023 8:00,1.416
12/23/2023 9:00,1.419
12/23/2023 10:00,1.418
12/23/2023 11:00,1.396
12/23/2023 12:00,1.354
12/23/2023 13:00,1.341
12/23/2023 14:00,1.378
12/23/2023 15:00,1.416
12/23/2023 16:00,1.41
12/23/2023 17:00,1.379
12/23/2023 18:00,1.337
12/23/2023 19:00,1.33
12/23/2023 20:00,1.371
12/23/2023 21:00,1.375
12/23/2023 22:00,1.364
12/23/2023 23:00,1.358
12/24/2023 0:00,1.363
12/24/2023 1:00,1.351
12/24/2023 2:00,1.366
12/24/2023 3:00,1.367
12/24/2023 4:00,1.236
12/24/2023 5:00,1.178
12/24/2023 6:00,1.162
12/24/2023 7:00,1.143
12/24/2023 8:00,1.155
12/24/2023 9:00,1.17
12/24/2023 10:00,1.186
12/24/2023 11:00,1.309
12/24/2023 12:00,1.436
12/24/2023 13:00,1.461
12/24/2023 14:00,1.496
12/24/2023 15:00,1.507
12/24/2023 16:00,1.494
12/24/2023 17:00,1.479
12/24/2023 18:00,1.462
12/24/2023 19:00,1.448
12/24/2023 20:00,1.434
12/24/2023 21:00,1.427
12/24/2023 22:00,1.421
12/24/2023 23:00,1.409
12/25/2023 0:00,1.4
12/25/2023 1:00,1.38
12/25/2023 2:00,1.369
12/25/2023 3:00,1.375
12/25/2023 4:00,1.38
12/25/2023 5:00,1.381
12/25/2023 6:00,1.356
12/25/2023 7:00,1.342
12/25/2023 8:00,1.328
12/25/2023 9:00,1.3
12/25/2023 10:00,1.288
12/25/2023 11:00,1.303
12/25/2023 12:00,1.272
12/25/2023 13:00,1.233
12/25/2023 14:00,1.29
12/25/2023 15:00,1.331
12/25/2023 16:00,1.35
12/25/2023 17:00,1.388
12/25/2023 18:00,1.446
12/25/2023 19:00,1.443
12/25/2023 20:00,1.432
12/25/2023 21:00,1.397
12/25/2023 22:00,1.348
12/25/2023 23:00,1.272
12/26/2023 0:00,1.228
12/26/2023 1:00,1.206
12/26/2023 2:00,1.182
12/26/2023 3:00,1.188
12/26/2023 4:00,1.217
12/26/2023 5:00,1.246
12/26/2023 6:00,1.263
12/26/2023 7:00,1.272
12/26/2023 8:00,1.232
12/26/2023 9:00,1.206
12/26/2023 10:00,1.204
12/26/2023 11:00,1.2
12/26/2023 12:00,1.18
12/26/2023 13:00,1.205
12/26/2023 14:00,1.26
12/26/2023 15:00,1.288
12/26/2023 16:00,1.296
12/26/2023 17:00,1.319
12/26/2023 18:00,1.42
12/26/2023 19:00,1.436
12/26/2023 20:00,1.421
12/26/2023 21:00,1.398
12/26/2023 22:00,1.329
12/26/2023 23:00,1.325
12/27/2023 0:00,1.353
12/27/2023 1:00,1.353
12/27/2023 2:00,1.353
12/27/2023 3:00,1.361
12/27/2023 4:00,1.349
12/27/2023 5:00,1.348
12/27/2023 6:00,1.344
12/27/2023 7:00,1.339
12/27/2023 8:00,1.341
12/27/2023 9:00,1.317
12/27/2023 10:00,1.294
12/27/2023 11:00,1.299
12/27/2023 12:00,1.29
12/27/2023 13:00,1.257
12/27/2023 14:00,1.39
12/27/2023 15:00,1.467
12/27/2023 16:00,1.484
12/27/2023 17:00,1.487
12/27/2023 18:00,1.465
12/27/2023 19:00,1.449
12/27/2023 20:00,1.412
12/27/2023 21:00,1.399
12/27/2023 22:00,1.392
12/27/2023 23:00,1.32
12/28/2023 0:00,1.24
12/28/2023 1:00,1.226
12/28/2023 2:00,1.226
12/28/2023 3:00,1.258
12/28/2023 4:00,1.283
12/28/2023 5:00,1.308
12/28/2023 6:00,1.319
12/28/2023 7:00,1.325
12/28/2023 8:00,1.312
12/28/2023 9:00,1.321
12/28/2023 10:00,1.32
12/28/2023 11:00,1.33
12/28/2023 12:00,1.344
12/28/2023 13:00,1.391
12/28/2023 14:00,1.416
12/28/2023 15:00,1.445
12/28/2023 16:00,1.476
12/28/2023 17:00,1.484
12/28/2023 18:00,1.466
12/28/2023 19:00,1.496
12/28/2023 20:00,1.475
12/28/2023 21:00,1.404
12/28/2023 22:00,1.36
12/28/2023 23:00,1.31
12/29/2023 0:00,1.293
12/29/2023 1:00,1.255
12/29/2023 2:00,1.25
12/29/2023 3:00,1.249
12/29/2023 4:00,1.256
12/29/2023 5:00,1.26
12/29/2023 6:00,1.251
12/29/2023 7:00,1.242
12/29/2023 8:00,1.241
12/29/2023 9:00,1.251
12/29/2023 10:00,1.241
12/29/2023 11:00,1.237
12/29/2023 12:00,1.225
12/29/2023 13:00,1.314
12/29/2023 14:00,1.398
12/29/2023 15:00,1.449
12/29/2023 16:00,1.462
12/29/2023 17:00,1.483
12/29/2023 18:00,1.482
12/29/2023 19:00,1.464
12/29/2023 20:00,1.403
12/29/2023 21:00,1.369
12/29/2023 22:00,1.345
12/29/2023 23:00,1.283
12/30/2023 0:00,1.26
12/30/2023 1:00,1.251
12/30/2023 2:00,1.239
12/30/2023 3:00,1.25
12/30/2023 4:00,1.243
12/30/2023 5:00,1.178
12/30/2023 6:00,1.147
12/30/2023 7:00,1.233
12/30/2023 8:00,1.266
12/30/2023 9:00,1.248
12/30/2023 10:00,1.204
12/30/2023 11:00,1.182
12/30/2023 12:00,1.251
12/30/2023 13:00,1.405
12/30/2023 14:00,1.349
12/30/2023 15:00,1.363
12/30/2023 16:00,1.485
12/30/2023 17:00,1.521
12/30/2023 18:00,1.454
12/30/2023 19:00,1.432
12/30/2023 20:00,1.453
12/30/2023 21:00,1.412
12/30/2023 22:00,1.374
12/30/2023 23:00,1.284
12/31/2023 0:00,1.251
12/31/2023 1:00,1.277
12/31/2023 2:00,1.322
12/31/2023 3:00,1.344
12/31/2023 4:00,1.319
12/31/2023 5:00,1.273
12/31/2023 6:00,1.227
12/31/2023 7:00,1.217
12/31/2023 8:00,1.286
12/31/2023 9:00,1.282
12/31/2023 10:00,1.286
12/31/2023 11:00,1.309
12/31/2023 12:00,1.312
12/31/2023 13:00,1.283
12/31/2023 14:00,1.293
12/31/2023 15:00,1.331
12/31/2023 16:00,1.409
12/31/2023 17:00,1.482
12/31/2023 18:00,1.473
12/31/2023 19:00,1.427
12/31/2023 20:00,1.455
12/31/2023 21:00,1.413
12/31/2023 22:00,1.358
12/31/2023 23:00,1.355
1/1/2024 0:00,1.297
1/1/2024 1:00,1.279
1/1/2024 2:00,1.276
1/1/2024 3:00,1.278
1/1/2024 4:00,1.307
1/1/2024 5:00,1.311
1/1/2024 6:00,1.264
1/1/2024 7:00,1.268
1/1/2024 8:00,1.262
1/1/2024 9:00,1.265
1/1/2024 10:00,1.263
1/1/2024 11:00,1.28
1/1/2024 12:00,1.314
1/1/2024 13:00,1.345
1/1/2024 14:00,1.341
1/1/2024 15:00,1.345
1/1/2024 16:00,1.353
1/1/2024 17:00,1.413
1/1/2024 18:00,1.455
1/1/2024 19:00,1.454
1/1/2024 20:00,1.439
1/1/2024 21:00,1.409
1/1/2024 22:00,1.355
1/1/2024 23:00,1.339
1/2/2024 0:00,1.324
1/2/2024 1:00,1.318
1/2/2024 2:00,1.309
1/2/2024 3:00,1.316
1/2/2024 4:00,1.313
1/2/2024 5:00,1.311
1/2/2024 6:00,1.299
1/2/2024 7:00,1.282
1/2/2024 8:00,1.267
1/2/2024 9:00,1.273
1/2/2024 10:00,1.272
1/2/2024 11:00,1.254
1/2/2024 12:00,1.263
1/2/2024 13:00,1.291
1/2/2024 14:00,1.315
1/2/2024 15:00,1.329
1/2/2024 16:00,1.35
1/2/2024 17:00,1.379
1/2/2024 18:00,1.455
1/2/2024 19:00,1.455
1/2/2024 20:00,1.431
1/2/2024 21:00,1.325
1/2/2024 22:00,1.255
1/2/2024 23:00,1.256
1/3/2024 0:00,1.28
1/3/2024 1:00,1.293
1/3/2024 2:00,1.297
1/3/2024 3:00,1.309
1/3/2024 4:00,1.273
1/3/2024 5:00,1.249
1/3/2024 6:00,1.236
1/3/2024 7:00,1.239
1/3/2024 8:00,1.236
1/3/2024 9:00,1.186
1/3/2024 10:00,1.096
1/3/2024 11:00,1.113
1/3/2024 12:00,1.191
1/3/2024 13:00,1.241
1/3/2024 14:00,1.267
1/3/2024 15:00,1.283
1/3/2024 16:00,1.292
1/3/2024 17:00,1.406
1/3/2024 18:00,1.408
1/3/2024 19:00,1.41
1/3/2024 20:00,1.394
1/3/2024 21:00,1.383
1/3/2024 22:00,1.375
1/3/2024 23:00,1.352
1/4/2024 0:00,1.352
1/4/2024 1:00,1.32
1/4/2024 2:00,1.267
1/4/2024 3:00,1.268
1/4/2024 4:00,1.313
1/4/2024 5:00,1.31
1/4/2024 6:00,1.275
1/4/2024 7:00,1.271
1/4/2024 8:00,1.274
1/4/2024 9:00,1.281
1/4/2024 10:00,1.29
1/4/2024 11:00,1.298
1/4/2024 12:00,1.317
1/4/2024 13:00,1.392
1/4/2024 14:00,1.372
1/4/2024 15:00,1.367
1/4/2024 16:00,1.362
1/4/2024 17:00,1.351
1/4/2024 18:00,1.352
1/4/2024 19:00,1.339
1/4/2024 20:00,1.34
1/4/2024 21:00,1.335
1/4/2024 22:00,1.329
1/4/2024 23:00,1.328
1/5/2024 0:00,1.33
1/5/2024 1:00,1.3
1/5/2024 2:00,1.278
1/5/2024 3:00,1.295
1/5/2024 4:00,1.329
1/5/2024 5:00,1.336
1/5/2024 6:00,1.324
1/5/2024 7:00,1.296
1/5/2024 8:00,1.252
1/5/2024 9:00,1.282
1/5/2024 10:00,1.333
1/5/2024 11:00,1.388
1/5/2024 12:00,1.368
1/5/2024 13:00,1.315
1/5/2024 14:00,1.319
1/5/2024 15:00,1.327
1/5/2024 16:00,1.317
1/5/2024 17:00,1.322
1/5/2024 18:00,1.323
1/5/2024 19:00,1.317
1/5/2024 20:00,1.323
1/5/2024 21:00,1.309
1/5/2024 22:00,1.316
1/5/2024 23:00,1.316
1/6/2024 0:00,1.326
1/6/2024 1:00,1.32
1/6/2024 2:00,1.304
1/6/2024 3:00,1.307
1/6/2024 4:00,1.297
1/6/2024 5:00,1.3
1/6/2024 6:00,1.291
1/6/2024 7:00,1.297
1/6/2024 8:00,1.296
1/6/2024 9:00,1.33
1/6/2024 10:00,1.356
1/6/2024 11:00,1.364
1/6/2024 12:00,1.36
1/6/2024 13:00,1.361
1/6/2024 14:00,1.36
1/6/2024 15:00,1.364
1/6/2024 16:00,1.36
1/6/2024 17:00,1.318
1/6/2024 18:00,1.303
1/6/2024 19:00,1.303
1/6/2024 20:00,1.293
1/6/2024 21:00,1.322
1/6/2024 22:00,1.324
1/6/2024 23:00,1.326
1/7/2024 0:00,1.313
1/7/2024 1:00,1.252
1/7/2024 2:00,1.255
1/7/2024 3:00,1.265
1/7/2024 4:00,1.271
1/7/2024 5:00,1.279
1/7/2024 6:00,1.28
1/7/2024 7:00,1.29
1/7/2024 8:00,1.269
1/7/2024 9:00,1.227
1/7/2024 10:00,1.206
1/7/2024 11:00,1.218
1/7/2024 12:00,1.235
1/7/2024 13:00,1.269
1/7/2024 14:00,1.295
1/7/2024 15:00,1.289
1/7/2024 16:00,1.264
1/7/2024 17:00,1.302
1/7/2024 18:00,1.363
1/7/2024 19:00,1.384
1/7/2024 20:00,1.405
1/7/2024 21:00,1.392
1/7/2024 22:00,1.325
1/7/2024 23:00,1.295
1/8/2024 0:00,1.306
1/8/2024 1:00,1.33
1/8/2024 2:00,1.326
1/8/2024 3:00,1.327
1/8/2024 4:00,1.332
1/8/2024 5:00,1.319
1/8/2024 6:00,1.32
1/8/2024 7:00,1.297
1/8/2024 8:00,1.308
1/8/2024 9:00,1.32
1/8/2024 10:00,1.32
1/8/2024 11:00,1.327
1/8/2024 12:00,1.341
1/8/2024 13:00,1.362
1/8/2024 14:00,1.373
1/8/2024 15:00,1.355
1/8/2024 16:00,1.337
1/8/2024 17:00,1.262
1/8/2024 18:00,1.273
1/8/2024 19:00,1.306
1/8/2024 20:00,1.334
1/8/2024 21:00,1.325
1/8/2024 22:00,1.344
1/8/2024 23:00,1.335
1/9/2024 0:00,1.335
1/9/2024 1:00,1.331
1/9/2024 2:00,1.336
1/9/2024 3:00,1.335
1/9/2024 4:00,1.323
1/9/2024 5:00,1.32
1/9/2024 6:00,1.318
1/9/2024 7:00,1.262
1/9/2024 8:00,1.26
1/9/2024 9:00,1.253
1/9/2024 10:00,1.257
1/9/2024 11:00,1.332
1/9/2024 12:00,1.409
1/9/2024 13:00,1.419
1/9/2024 14:00,1.425
1/9/2024 15:00,1.432
1/9/2024 16:00,1.428
1/9/2024 17:00,1.427
1/9/2024 18:00,1.425
1/9/2024 19:00,1.443
1/9/2024 20:00,1.444
1/9/2024 21:00,1.445
1/9/2024 22:00,1.444
1/9/2024 23:00,1.446
1/10/2024 0:00,1.442
1/10/2024 1:00,1.445
1/10/2024 2:00,1.444
1/10/2024 3:00,1.435
1/10/2024 4:00,1.441
1/10/2024 5:00,1.437
1/10/2024 6:00,1.43
1/10/2024 7:00,1.423
1/10/2024 8:00,1.422
1/10/2024 9:00,1.421
1/10/2024 10:00,1.408
1/10/2024 11:00,1.348
1/10/2024 12:00,1.309
1/10/2024 13:00,1.279
1/10/2024 14:00,1.286
1/10/2024 15:00,1.355
1/10/2024 16:00,1.345
1/10/2024 17:00,1.332
1/10/2024 18:00,1.312
1/10/2024 19:00,1.341
1/10/2024 20:00,1.353
1/10/2024 21:00,1.349
1/10/2024 22:00,1.346
1/10/2024 23:00,1.321
1/11/2024 0:00,1.284
1/11/2024 1:00,1.292
1/11/2024 2:00,1.323
1/11/2024 3:00,1.361
1/11/2024 4:00,1.331
1/11/2024 5:00,1.299
1/11/2024 6:00,1.299
1/11/2024 7:00,1.32
1/11/2024 8:00,1.365
1/11/2024 9:00,1.365
1/11/2024 10:00,1.367
1/11/2024 11:00,1.371
1/11/2024 12:00,1.361
1/11/2024 13:00,1.313
1/11/2024 14:00,1.341
1/11/2024 15:00,1.368
1/11/2024 16:00,1.407
1/11/2024 17:00,1.384
1/11/2024 18:00,1.327
1/11/2024 19:00,1.318
1/11/2024 20:00,1.32
1/11/2024 21:00,1.315
1/11/2024 22:00,1.317
1/11/2024 23:00,1.326
1/12/2024 0:00,1.334
1/12/2024 1:00,1.342
1/12/2024 2:00,1.338
1/12/2024 3:00,1.34
1/12/2024 4:00,1.345
1/12/2024 5:00,1.338
1/12/2024 6:00,1.342
1/12/2024 7:00,1.331
1/12/2024 8:00,1.325
1/12/2024 9:00,1.322
1/12/2024 10:00,1.275
1/12/2024 11:00,1.245
1/12/2024 12:00,1.291
1/12/2024 13:00,1.329
1/12/2024 14:00,1.318
1/12/2024 15:00,1.269
1/12/2024 16:00,1.297
1/12/2024 17:00,1.308
1/12/2024 18:00,1.316
1/12/2024 19:00,1.341
1/12/2024 20:00,1.377
1/12/2024 21:00,1.369
1/12/2024 22:00,1.369
1/12/2024 23:00,1.367
1/13/2024 0:00,1.37
1/13/2024 1:00,1.384
1/13/2024 2:00,1.38
1/13/2024 3:00,1.364
1/13/2024 4:00,1.373
1/13/2024 5:00,1.35
1/13/2024 6:00,1.255
1/13/2024 7:00,1.268
1/13/2024 8:00,1.326
1/13/2024 9:00,1.33
1/13/2024 10:00,1.3
1/13/2024 11:00,1.255
1/13/2024 12:00,1.25
1/13/2024 13:00,1.279
1/13/2024 14:00,1.332
1/13/2024 15:00,1.386
1/13/2024 16:00,1.416
1/13/2024 17:00,1.405
1/13/2024 18:00,1.356
1/13/2024 19:00,1.346
1/13/2024 20:00,1.344
1/13/2024 21:00,1.343
1/13/2024 22:00,1.35
1/13/2024 23:00,1.359
1/14/2024 0:00,1.362
1/14/2024 1:00,1.37
1/14/2024 2:00,1.405
1/14/2024 3:00,1.409
1/14/2024 4:00,1.414
1/14/2024 5:00,1.403
1/14/2024 6:00,1.392
1/14/2024 7:00,1.396
1/14/2024 8:00,1.409
1/14/2024 9:00,1.404
1/14/2024 10:00,1.363
1/14/2024 11:00,1.329
1/14/2024 12:00,1.339
1/14/2024 13:00,1.404
1/14/2024 14:00,1.411
1/14/2024 15:00,1.437
1/14/2024 16:00,1.44
1/14/2024 17:00,1.438
1/14/2024 18:00,1.41
1/14/2024 19:00,1.394
1/14/2024 20:00,1.392
1/14/2024 21:00,1.392
1/14/2024 22:00,1.376
1/14/2024 23:00,1.368
1/15/2024 0:00,1.387
1/15/2024 1:00,1.427
1/15/2024 2:00,1.429
1/15/2024 3:00,1.435
1/15/2024 4:00,1.435
1/15/2024 5:00,1.434
1/15/2024 6:00,1.435
1/15/2024 7:00,1.433
1/15/2024 8:00,1.403
1/15/2024 9:00,1.362
1/15/2024 10:00,1.363
1/15/2024 11:00,1.361
1/15/2024 12:00,1.376
1/15/2024 13:00,1.42
1/15/2024 14:00,1.452
1/15/2024 15:00,1.46
1/15/2024 16:00,1.432
1/15/2024 17:00,1.414
1/15/2024 18:00,1.417
1/15/2024 19:00,1.409
1/15/2024 20:00,1.359
1/15/2024 21:00,1.311
1/15/2024 22:00,1.32
1/15/2024 23:00,1.32
1/16/2024 0:00,1.341
1/16/2024 1:00,1.371
1/16/2024 2:00,1.361
1/16/2024 3:00,1.349
1/16/2024 4:00,1.303
1/16/2024 5:00,1.279
1/16/2024 6:00,1.314
1/16/2024 7:00,1.314
1/16/2024 8:00,1.295
1/16/2024 9:00,1.266
1/16/2024 10:00,1.264
1/16/2024 11:00,1.308
1/16/2024 12:00,1.318
1/16/2024 13:00,1.349
1/16/2024 14:00,1.372
1/16/2024 15:00,1.387
1/16/2024 16:00,1.393
1/16/2024 17:00,1.395
1/16/2024 18:00,1.401
1/16/2024 19:00,1.38
1/16/2024 20:00,1.368
1/16/2024 21:00,1.391
1/16/2024 22:00,1.409
1/16/2024 23:00,1.44
1/17/2024 0:00,1.445
1/17/2024 1:00,1.446
1/17/2024 2:00,1.436
1/17/2024 3:00,1.404
1/17/2024 4:00,1.337
1/17/2024 5:00,1.321
1/17/2024 6:00,1.325
1/17/2024 7:00,1.348
1/17/2024 8:00,1.351
1/17/2024 9:00,1.371
1/17/2024 10:00,1.417
1/17/2024 11:00,1.443
1/17/2024 12:00,1.468
1/17/2024 13:00,1.459
1/17/2024 14:00,1.455
1/17/2024 15:00,1.425
1/17/2024 16:00,1.41
1/17/2024 17:00,1.403
1/17/2024 18:00,1.424
1/17/2024 19:00,1.48
1/17/2024 20:00,1.499
1/17/2024 21:00,1.507
1/17/2024 22:00,1.499
1/17/2024 23:00,1.406
1/18/2024 0:00,1.382
1/18/2024 1:00,1.416
1/18/2024 2:00,1.458
1/18/2024 3:00,1.461
1/18/2024 4:00,1.472
1/18/2024 5:00,1.473
1/18/2024 6:00,1.477
1/18/2024 7:00,1.513
1/18/2024 8:00,1.508
1/18/2024 9:00,1.454
1/18/2024 10:00,1.473
1/18/2024 11:00,1.502
1/18/2024 12:00,1.512
1/18/2024 13:00,1.519
1/18/2024 14:00,1.497
1/18/2024 15:00,1.428
1/18/2024 16:00,1.447
1/18/2024 17:00,1.441
1/18/2024 18:00,1.443
1/18/2024 19:00,1.444
1/18/2024 20:00,1.504
1/18/2024 21:00,1.525
1/18/2024 22:00,1.525
1/18/2024 23:00,1.519
1/19/2024 0:00,1.519
1/19/2024 1:00,1.516
1/19/2024 2:00,1.528
1/19/2024 3:00,1.515
1/19/2024 4:00,1.51
1/19/2024 5:00,1.501
1/19/2024 6:00,1.507
1/19/2024 7:00,1.502
1/19/2024 8:00,1.498
1/19/2024 9:00,1.496
1/19/2024 10:00,1.499
1/19/2024 11:00,1.508
1/19/2024 12:00,1.515
1/19/2024 13:00,1.508
1/19/2024 14:00,1.517
1/19/2024 15:00,1.52
1/19/2024 16:00,1.521
1/19/2024 17:00,1.521
1/19/2024 18:00,1.521
1/19/2024 19:00,1.527
1/19/2024 20:00,1.551
1/19/2024 21:00,1.582
1/19/2024 22:00,1.557
1/19/2024 23:00,1.55
1/20/2024 0:00,1.55
1/20/2024 1:00,1.564
1/20/2024 2:00,1.564
1/20/2024 3:00,1.557
1/20/2024 4:00,1.554
1/20/2024 5:00,1.551
1/20/2024 6:00,1.544
1/20/2024 7:00,1.547
1/20/2024 8:00,1.54
1/20/2024 9:00,1.541
1/20/2024 10:00,1.538
1/20/2024 11:00,1.546
1/20/2024 12:00,1.557
1/20/2024 13:00,1.562
1/20/2024 14:00,1.57
1/20/2024 15:00,1.572
1/20/2024 16:00,1.57
1/20/2024 17:00,1.575
1/20/2024 18:00,1.576
1/20/2024 19:00,1.566
1/20/2024 20:00,1.563
1/20/2024 21:00,1.565
1/20/2024 22:00,1.557
1/20/2024 23:00,1.557
1/21/2024 0:00,1.554
1/21/2024 1:00,1.559
1/21/2024 2:00,1.56
1/21/2024 3:00,1.554
1/21/2024 4:00,1.553
1/21/2024 5:00,1.553
1/21/2024 6:00,1.555
1/21/2024 7:00,1.555
1/21/2024 8:00,1.555
1/21/2024 9:00,1.554
1/21/2024 10:00,1.557
1/21/2024 11:00,1.561
1/21/2024 12:00,1.57
1/21/2024 13:00,1.57
1/21/2024 14:00,1.57
1/21/2024 15:00,1.567
1/21/2024 16:00,1.575
1/21/2024 17:00,1.573
1/21/2024 18:00,1.597
1/21/2024 19:00,1.62
1/21/2024 20:00,1.612
1/21/2024 21:00,1.585
1/21/2024 22:00,1.565
1/21/2024 23:00,1.565
1/22/2024 0:00,1.555
1/22/2024 1:00,1.56
1/22/2024 2:00,1.565
1/22/2024 3:00,1.56
1/22/2024 4:00,1.557
1/22/2024 5:00,1.561
1/22/2024 6:00,1.553
1/22/2024 7:00,1.556
1/22/2024 8:00,1.555
1/22/2024 9:00,1.556
1/22/2024 10:00,1.573
1/22/2024 11:00,1.584
1/22/2024 12:00,1.611
1/22/2024 13:00,1.616
1/22/2024 14:00,1.628
1/22/2024 15:00,1.624
1/22/2024 16:00,1.624
1/22/2024 17:00,1.621
1/22/2024 18:00,1.617
1/22/2024 19:00,1.623
1/22/2024 20:00,1.606
1/22/2024 21:00,1.587
1/22/2024 22:00,1.552
1/22/2024 23:00,1.547
1/23/2024 0:00,1.544
1/23/2024 1:00,1.522
1/23/2024 2:00,1.514
1/23/2024 3:00,1.567
1/23/2024 4:00,1.592
1/23/2024 5:00,1.558
1/23/2024 6:00,1.54
1/23/2024 7:00,1.536
1/23/2024 8:00,1.527
1/23/2024 9:00,1.518
1/23/2024 10:00,1.517
1/23/2024 11:00,1.516
1/23/2024 12:00,1.536
1/23/2024 13:00,1.55
1/23/2024 14:00,1.55
1/23/2024 15:00,1.554
1/23/2024 16:00,1.59
1/23/2024 17:00,1.621
1/23/2024 18:00,1.597
1/23/2024 19:00,1.57
1/23/2024 20:00,1.564
1/23/2024 21:00,1.552
1/23/2024 22:00,1.546
1/23/2024 23:00,1.527
1/24/2024 0:00,1.532
1/24/2024 1:00,1.538
1/24/2024 2:00,1.549
1/24/2024 3:00,1.537
1/24/2024 4:00,1.536
1/24/2024 5:00,1.534
1/24/2024 6:00,1.535
1/24/2024 7:00,1.538
1/24/2024 8:00,1.523
1/24/2024 9:00,1.51
1/24/2024 10:00,1.508
1/24/2024 11:00,1.513
1/24/2024 12:00,1.517
1/24/2024 13:00,1.552
1/24/2024 14:00,1.569
1/24/2024 15:00,1.578
1/24/2024 16:00,1.586
1/24/2024 17:00,1.58
1/24/2024 18:00,1.57
1/24/2024 19:00,1.568
1/24/2024 20:00,1.565
1/24/2024 21:00,1.546
1/24/2024 22:00,1.531
1/24/2024 23:00,1.525
1/25/2024 0:00,1.523
1/25/2024 1:00,1.513
1/25/2024 2:00,1.522
1/25/2024 3:00,1.525
1/25/2024 4:00,1.545
1/25/2024 5:00,1.56
1/25/2024 6:00,1.562
1/25/2024 7:00,1.575
1/25/2024 8:00,1.567
1/25/2024 9:00,1.566
1/25/2024 10:00,1.572
1/25/2024 11:00,1.568
1/25/2024 12:00,1.57
1/25/2024 13:00,1.579
1/25/2024 14:00,1.578
1/25/2024 15:00,1.581
1/25/2024 16:00,1.545
1/25/2024 17:00,1.518
1/25/2024 18:00,1.514
1/25/2024 19:00,1.507
1/25/2024 20:00,1.51
1/25/2024 21:00,1.51
1/25/2024 22:00,1.551
1/25/2024 23:00,1.572
1/26/2024 0:00,1.569
1/26/2024 1:00,1.556
1/26/2024 2:00,1.494
1/26/2024 3:00,1.484
1/26/2024 4:00,1.475
1/26/2024 5:00,1.47
1/26/2024 6:00,1.478
1/26/2024 7:00,1.485
1/26/2024 8:00,1.476
1/26/2024 9:00,1.501
1/26/2024 10:00,1.572
1/26/2024 11:00,1.596
1/26/2024 12:00,1.602
1/26/2024 13:00,1.616
1/26/2024 14:00,1.614
1/26/2024 15:00,1.624
1/26/2024 16:00,1.622
1/26/2024 17:00,1.625
1/26/2024 18:00,1.637
1/26/2024 19:00,1.634
1/26/2024 20:00,1.636
1/26/2024 21:00,1.629
1/26/2024 22:00,1.558
1/26/2024 23:00,1.515
1/27/2024 0:00,1.509
1/27/2024 1:00,1.509
1/27/2024 2:00,1.54
1/27/2024 3:00,1.579
1/27/2024 4:00,1.602
1/27/2024 5:00,1.607
1/27/2024 6:00,1.608
1/27/2024 7:00,1.581
1/27/2024 8:00,1.563
1/27/2024 9:00,1.534
1/27/2024 10:00,1.533
1/27/2024 11:00,1.531
1/27/2024 12:00,1.58
1/27/2024 13:00,1.628
1/27/2024 14:00,1.61
1/27/2024 15:00,1.596
1/27/2024 16:00,1.596
1/27/2024 17:00,1.596
1/27/2024 18:00,1.622
1/27/2024 19:00,1.639
1/27/2024 20:00,1.627
1/27/2024 21:00,1.597
1/27/2024 22:00,1.569
1/27/2024 23:00,1.564
1/28/2024 0:00,1.563
1/28/2024 1:00,1.563
1/28/2024 2:00,1.584
1/28/2024 3:00,1.583
1/28/2024 4:00,1.561
1/28/2024 5:00,1.552
1/28/2024 6:00,1.539
1/28/2024 7:00,1.529
1/28/2024 8:00,1.48
1/28/2024 9:00,1.455
1/28/2024 10:00,1.452
1/28/2024 11:00,1.439
1/28/2024 12:00,1.442
1/28/2024 13:00,1.461
1/28/2024 14:00,1.506
1/28/2024 15:00,1.537
1/28/2024 16:00,1.573
1/28/2024 17:00,1.632
1/28/2024 18:00,1.684
1/28/2024 19:00,1.698
1/28/2024 20:00,1.698
1/28/2024 21:00,1.615
1/28/2024 22:00,1.585
1/28/2024 23:00,1.588
1/29/2024 0:00,1.611
1/29/2024 1:00,1.572
1/29/2024 2:00,1.555
1/29/2024 3:00,1.537
1/29/2024 4:00,1.522
1/29/2024 5:00,1.528
1/29/2024 6:00,1.552
1/29/2024 7:00,1.568
1/29/2024 8:00,1.585
1/29/2024 9:00,1.588
1/29/2024 10:00,1.605
1/29/2024 11:00,1.612
1/29/2024 12:00,1.622
1/29/2024 13:00,1.583
1/29/2024 14:00,1.568
1/29/2024 15:00,1.569
1/29/2024 16:00,1.638
1/29/2024 17:00,1.703
1/29/2024 18:00,1.71
1/29/2024 19:00,1.628
1/29/2024 20:00,1.549
1/29/2024 21:00,1.535
1/29/2024 22:00,1.575
1/29/2024 23:00,1.57
1/30/2024 0:00,1.615
1/30/2024 1:00,1.63
1/30/2024 2:00,1.621
1/30/2024 3:00,1.617
1/30/2024 4:00,1.614
1/30/2024 5:00,1.617
1/30/2024 6:00,1.61
1/30/2024 7:00,1.617
1/30/2024 8:00,1.622
1/30/2024 9:00,1.556
1/30/2024 10:00,1.476
1/30/2024 11:00,1.467
1/30/2024 12:00,1.459
1/30/2024 13:00,1.462
1/30/2024 14:00,1.463
1/30/2024 15:00,1.465
1/30/2024 16:00,1.536
1/30/2024 17:00,1.644
1/30/2024 18:00,1.69
1/30/2024 19:00,1.682
1/30/2024 20:00,1.646
1/30/2024 21:00,1.599
1/30/2024 22:00,1.571
1/30/2024 23:00,1.57
1/31/2024 0:00,1.563
1/31/2024 1:00,1.555
1/31/2024 2:00,1.556
1/31/2024 3:00,1.545
1/31/2024 4:00,1.525
1/31/2024 5:00,1.493
1/31/2024 6:00,1.493
1/31/2024 7:00,1.552
1/31/2024 8:00,1.569
1/31/2024 9:00,1.569
1/31/2024 10:00,1.552
1/31/2024 11:00,1.47
1/31/2024 12:00,1.439
1/31/2024 13:00,1.458
1/31/2024 14:00,1.459
1/31/2024 15:00,1.451
1/31/2024 16:00,1.527
1/31/2024 17:00,1.626
1/31/2024 18:00,1.672
1/31/2024 19:00,1.689
1/31/2024 20:00,1.684
1/31/2024 21:00,1.651
1/31/2024 22:00,1.641
1/31/2024 23:00,1.63
2/1/2024 0:00,1.56
2/1/2024 1:00,1.534
2/1/2024 2:00,1.523
2/1/2024 3:00,1.51
2/1/2024 4:00,1.512
2/1/2024 5:00,1.508
2/1/2024 6:00,1.522
2/1/2024 7:00,1.568
2/1/2024 8:00,1.576
2/1/2024 9:00,1.564
2/1/2024 10:00,1.531
2/1/2024 11:00,1.539
2/1/2024 12:00,1.555
2/1/2024 13:00,1.571
2/1/2024 14:00,1.566
2/1/2024 15:00,1.555
2/1/2024 16:00,1.59
2/1/2024 17:00,1.634
2/1/2024 18:00,1.68
2/1/2024 19:00,1.693
2/1/2024 20:00,1.689
2/1/2024 21:00,1.713
2/1/2024 22:00,1.684
2/1/2024 23:00,1.648
2/2/2024 0:00,1.616
2/2/2024 1:00,1.589
2/2/2024 2:00,1.58
2/2/2024 3:00,1.561
2/2/2024 4:00,1.566
2/2/2024 5:00,1.561
2/2/2024 6:00,1.569
2/2/2024 7:00,1.603
2/2/2024 8:00,1.6
2/2/2024 9:00,1.537
2/2/2024 10:00,1.572
2/2/2024 11:00,1.611
2/2/2024 12:00,1.612
2/2/2024 13:00,1.575
2/2/2024 14:00,1.528
2/2/2024 15:00,1.531
2/2/2024 16:00,1.616
2/2/2024 17:00,1.666
2/2/2024 18:00,1.711
2/2/2024 19:00,1.678
2/2/2024 20:00,1.629
2/2/2024 21:00,1.597
2/2/2024 22:00,1.592
2/2/2024 23:00,1.603
2/3/2024 0:00,1.607
2/3/2024 1:00,1.619
2/3/2024 2:00,1.614
2/3/2024 3:00,1.621
2/3/2024 4:00,1.649
2/3/2024 5:00,1.655
2/3/2024 6:00,1.664
2/3/2024 7:00,1.667
2/3/2024 8:00,1.671
2/3/2024 9:00,1.673
2/3/2024 10:00,1.682
2/3/2024 11:00,1.681
2/3/2024 12:00,1.688
2/3/2024 13:00,1.694
2/3/2024 14:00,1.688
2/3/2024 15:00,1.7
2/3/2024 16:00,1.704
2/3/2024 17:00,1.712
2/3/2024 18:00,1.717
2/3/2024 19:00,1.73
2/3/2024 20:00,1.734
2/3/2024 21:00,1.735
2/3/2024 22:00,1.743
2/3/2024 23:00,1.73
2/4/2024 0:00,1.703
2/4/2024 1:00,1.708
2/4/2024 2:00,1.745
2/4/2024 3:00,1.758
2/4/2024 4:00,1.775
2/4/2024 5:00,1.767
2/4/2024 6:00,1.768
2/4/2024 7:00,1.767
2/4/2024 8:00,1.746
2/4/2024 9:00,1.731
2/4/2024 10:00,1.731
2/4/2024 11:00,1.737
2/4/2024 12:00,1.741
2/4/2024 13:00,1.747
2/4/2024 14:00,1.751
2/4/2024 15:00,1.752
2/4/2024 16:00,1.767
2/4/2024 17:00,1.775
2/4/2024 18:00,1.775
2/4/2024 19:00,1.754
2/4/2024 20:00,1.75
2/4/2024 21:00,1.737
2/4/2024 22:00,1.732
2/4/2024 23:00,1.74
2/5/2024 0:00,1.744
2/5/2024 1:00,1.715
2/5/2024 2:00,1.69
2/5/2024 3:00,1.687
2/5/2024 4:00,1.686
2/5/2024 5:00,1.691
2/5/2024 6:00,1.67
2/5/2024 7:00,1.644
2/5/2024 8:00,1.641
2/5/2024 9:00,1.591
2/5/2024 10:00,1.575
2/5/2024 11:00,1.585
2/5/2024 12:00,1.6
2/5/2024 13:00,1.639
2/5/2024 14:00,1.664
2/5/2024 15:00,1.675
2/5/2024 16:00,1.682
2/5/2024 17:00,1.697
2/5/2024 18:00,1.707
2/5/2024 19:00,1.704
2/5/2024 20:00,1.697
2/5/2024 21:00,1.687
2/5/2024 22:00,1.674
2/5/2024 23:00,1.662
2/6/2024 0:00,1.652
2/6/2024 1:00,1.678
2/6/2024 2:00,1.724
2/6/2024 3:00,1.731
2/6/2024 4:00,1.733
2/6/2024 5:00,1.738
2/6/2024 6:00,1.733
2/6/2024 7:00,1.731
2/6/2024 8:00,1.73
2/6/2024 9:00,1.731
2/6/2024 10:00,1.727
2/6/2024 11:00,1.736
2/6/2024 12:00,1.775
2/6/2024 13:00,1.804
2/6/2024 14:00,1.819
2/6/2024 15:00,1.836
2/6/2024 16:00,1.854
2/6/2024 17:00,1.886
2/6/2024 18:00,1.89
2/6/2024 19:00,1.88
2/6/2024 20:00,1.873
2/6/2024 21:00,1.877
2/6/2024 22:00,1.867
2/6/2024 23:00,1.862
2/7/2024 0:00,1.856
2/7/2024 1:00,1.848
2/7/2024 2:00,1.848
2/7/2024 3:00,1.793
2/7/2024 4:00,1.708
2/7/2024 5:00,1.687
2/7/2024 6:00,1.69
2/7/2024 7:00,1.682
2/7/2024 8:00,1.682
2/7/2024 9:00,1.685
2/7/2024 10:00,1.737
2/7/2024 11:00,1.781
2/7/2024 12:00,1.798
2/7/2024 13:00,1.805
2/7/2024 14:00,1.823
2/7/2024 15:00,1.869
2/7/2024 16:00,1.886
2/7/2024 17:00,1.895
2/7/2024 18:00,1.877
2/7/2024 19:00,1.875
2/7/2024 20:00,1.874
2/7/2024 21:00,1.867
2/7/2024 22:00,1.872
2/7/2024 23:00,1.865
2/8/2024 0:00,1.855
2/8/2024 1:00,1.814
2/8/2024 2:00,1.787
2/8/2024 3:00,1.789
2/8/2024 4:00,1.796
2/8/2024 5:00,1.799
2/8/2024 6:00,1.806
2/8/2024 7:00,1.818
2/8/2024 8:00,1.81
2/8/2024 9:00,1.81
2/8/2024 10:00,1.81
2/8/2024 11:00,1.809
2/8/2024 12:00,1.817
2/8/2024 13:00,1.83
2/8/2024 14:00,1.841
2/8/2024 15:00,1.842
2/8/2024 16:00,1.84
2/8/2024 17:00,1.841
2/8/2024 18:00,1.852
2/8/2024 19:00,1.844
2/8/2024 20:00,1.836
2/8/2024 21:00,1.83
2/8/2024 22:00,1.829
2/8/2024 23:00,1.828
2/9/2024 0:00,1.838
2/9/2024 1:00,1.826
2/9/2024 2:00,1.826
2/9/2024 3:00,1.822
2/9/2024 4:00,1.813
2/9/2024 5:00,1.822
2/9/2024 6:00,1.815
2/9/2024 7:00,1.817
2/9/2024 8:00,1.818
2/9/2024 9:00,1.811
2/9/2024 10:00,1.724
2/9/2024 11:00,1.666
2/9/2024 12:00,1.66
2/9/2024 13:00,1.719
2/9/2024 14:00,1.749
2/9/2024 15:00,1.771
2/9/2024 16:00,1.819
2/9/2024 17:00,1.883
2/9/2024 18:00,1.922
2/9/2024 19:00,1.91
2/9/2024 20:00,1.864
2/9/2024 21:00,1.825
2/9/2024 22:00,1.813
2/9/2024 23:00,1.81
2/10/2024 0:00,1.775
2/10/2024 1:00,1.776
2/10/2024 2:00,1.807
2/10/2024 3:00,1.81
2/10/2024 4:00,1.816
2/10/2024 5:00,1.814
2/10/2024 6:00,1.815
2/10/2024 7:00,1.818
2/10/2024 8:00,1.819
2/10/2024 9:00,1.766
2/10/2024 10:00,1.731
2/10/2024 11:00,1.727
2/10/2024 12:00,1.737
2/10/2024 13:00,1.751
2/10/2024 14:00,1.758
2/10/2024 15:00,1.763
2/10/2024 16:00,1.771
2/10/2024 17:00,1.778
2/10/2024 18:00,1.786
2/10/2024 19:00,1.784
2/10/2024 20:00,1.775
2/10/2024 21:00,1.76
2/10/2024 22:00,1.784
2/10/2024 23:00,1.815
2/11/2024 0:00,1.837
2/11/2024 1:00,1.844
2/11/2024 2:00,1.845
2/11/2024 3:00,1.846
2/11/2024 4:00,1.836
2/11/2024 5:00,1.842
2/11/2024 6:00,1.855
2/11/2024 7:00,1.871
2/11/2024 8:00,1.903
2/11/2024 9:00,2.009
2/11/2024 10:00,2.158
2/11/2024 11:00,2.166
2/11/2024 12:00,2.115
2/11/2024 13:00,2.054
2/11/2024 14:00,2.003
2/11/2024 15:00,1.971
2/11/2024 16:00,1.955
2/11/2024 17:00,1.95
2/11/2024 18:00,1.949
2/11/2024 19:00,1.935
2/11/2024 20:00,1.923
2/11/2024 21:00,1.906
2/11/2024 22:00,1.896
2/11/2024 23:00,1.924
2/12/2024 0:00,1.939
2/12/2024 1:00,1.945
2/12/2024 2:00,1.942
2/12/2024 3:00,1.941
2/12/2024 4:00,1.922
2/12/2024 5:00,1.891
2/12/2024 6:00,1.884
2/12/2024 7:00,1.894
2/12/2024 8:00,1.882
2/12/2024 9:00,1.847
2/12/2024 10:00,1.807
2/12/2024 11:00,1.801
2/12/2024 12:00,1.79
2/12/2024 13:00,1.815
2/12/2024 14:00,1.827
2/12/2024 15:00,1.845
2/12/2024 16:00,1.853
2/12/2024 17:00,1.875
2/12/2024 18:00,1.875
2/12/2024 19:00,1.881
2/12/2024 20:00,1.896
2/12/2024 21:00,1.888
2/12/2024 22:00,1.886
2/12/2024 23:00,1.899
2/13/2024 0:00,1.921
2/13/2024 1:00,1.919
2/13/2024 2:00,1.928
2/13/2024 3:00,1.938
2/13/2024 4:00,1.93
2/13/2024 5:00,1.902
2/13/2024 6:00,1.833
2/13/2024 7:00,1.799
2/13/2024 8:00,1.807
2/13/2024 9:00,1.824
2/13/2024 10:00,1.828
2/13/2024 11:00,1.798
2/13/2024 12:00,1.799
2/13/2024 13:00,1.822
2/13/2024 14:00,1.843
2/13/2024 15:00,1.852
2/13/2024 16:00,1.849
2/13/2024 17:00,1.868
2/13/2024 18:00,1.889
2/13/2024 19:00,1.878
2/13/2024 20:00,1.87
2/13/2024 21:00,1.852
2/13/2024 22:00,1.867
2/13/2024 23:00,1.921
2/14/2024 0:00,1.931
2/14/2024 1:00,1.929
2/14/2024 2:00,1.925
2/14/2024 3:00,1.908
2/14/2024 4:00,1.876
2/14/2024 5:00,1.833
2/14/2024 6:00,1.816
2/14/2024 7:00,1.798
2/14/2024 8:00,1.769
2/14/2024 9:00,1.722
2/14/2024 10:00,1.694
2/14/2024 11:00,1.7
2/14/2024 12:00,1.705
2/14/2024 13:00,1.721
2/14/2024 14:00,1.738
2/14/2024 15:00,1.76
2/14/2024 16:00,1.783
2/14/2024 17:00,1.793
2/14/2024 18:00,1.814
2/14/2024 19:00,1.806
2/14/2024 20:00,1.797
2/14/2024 21:00,1.786
2/14/2024 22:00,1.785
2/14/2024 23:00,1.779
2/15/2024 0:00,1.775
2/15/2024 1:00,1.768
2/15/2024 2:00,1.762
2/15/2024 3:00,1.774
2/15/2024 4:00,1.826
2/15/2024 5:00,1.852
2/15/2024 6:00,1.851
2/15/2024 7:00,1.845
2/15/2024 8:00,1.841
2/15/2024 9:00,1.843
2/15/2024 10:00,1.853
2/15/2024 11:00,1.848
2/15/2024 12:00,1.871
2/15/2024 13:00,1.888
2/15/2024 14:00,1.901
2/15/2024 15:00,1.916
2/15/2024 16:00,1.925
2/15/2024 17:00,1.928
2/15/2024 18:00,1.922
2/15/2024 19:00,1.926
2/15/2024 20:00,1.929
2/15/2024 21:00,1.903
2/15/2024 22:00,1.883
2/15/2024 23:00,1.903
2/16/2024 0:00,1.912
2/16/2024 1:00,1.907
2/16/2024 2:00,1.903
2/16/2024 3:00,1.905
2/16/2024 4:00,1.898
2/16/2024 5:00,1.861
2/16/2024 6:00,1.805
2/16/2024 7:00,1.799
2/16/2024 8:00,1.787
2/16/2024 9:00,1.791
2/16/2024 10:00,1.8
2/16/2024 11:00,1.793
2/16/2024 12:00,1.826
2/16/2024 13:00,1.839
2/16/2024 14:00,1.775
2/16/2024 15:00,1.847
2/16/2024 16:00,1.878
2/16/2024 17:00,1.882
2/16/2024 18:00,1.864
2/16/2024 19:00,1.851
2/16/2024 20:00,1.865
2/16/2024 21:00,1.866
2/16/2024 22:00,1.866
2/16/2024 23:00,1.863
2/17/2024 0:00,1.862
2/17/2024 1:00,1.865
2/17/2024 2:00,1.866
2/17/2024 3:00,1.859
2/17/2024 4:00,1.852
2/17/2024 5:00,1.775
2/17/2024 6:00,1.722
2/17/2024 7:00,1.715
2/17/2024 8:00,1.709
2/17/2024 9:00,1.707
2/17/2024 10:00,1.738
2/17/2024 11:00,1.8
2/17/2024 12:00,1.813
2/17/2024 13:00,1.836
2/17/2024 14:00,1.842
2/17/2024 15:00,1.844
2/17/2024 16:00,1.862
2/17/2024 17:00,1.866
2/17/2024 18:00,1.882
2/17/2024 19:00,1.863
2/17/2024 20:00,1.836
2/17/2024 21:00,1.785
2/17/2024 22:00,1.788
2/17/2024 23:00,1.783
2/18/2024 0:00,1.744
2/18/2024 1:00,1.726
2/18/2024 2:00,1.724
2/18/2024 3:00,1.725
2/18/2024 4:00,1.728
2/18/2024 5:00,1.718
2/18/2024 6:00,1.711
2/18/2024 7:00,1.702
2/18/2024 8:00,1.698
2/18/2024 9:00,1.663
2/18/2024 10:00,1.635
2/18/2024 11:00,1.568
2/18/2024 12:00,1.558
2/18/2024 13:00,1.566
2/18/2024 14:00,1.584
2/18/2024 15:00,1.604
2/18/2024 16:00,1.667
2/18/2024 17:00,1.762
2/18/2024 18:00,1.834
2/18/2024 19:00,1.886
2/18/2024 20:00,1.908
2/18/2024 21:00,1.861
2/18/2024 22:00,1.833
2/18/2024 23:00,1.822
2/19/2024 0:00,1.825
2/19/2024 1:00,1.813
2/19/2024 2:00,1.807
2/19/2024 3:00,1.813
2/19/2024 4:00,1.815
2/19/2024 5:00,1.81
2/19/2024 6:00,1.806
2/19/2024 7:00,1.806
2/19/2024 8:00,1.803
2/19/2024 9:00,1.778
2/19/2024 10:00,1.689
2/19/2024 11:00,1.61
2/19/2024 12:00,1.591
2/19/2024 13:00,1.535
2/19/2024 14:00,1.534
2/19/2024 15:00,1.56
2/19/2024 16:00,1.603
2/19/2024 17:00,1.707
2/19/2024 18:00,1.781
2/19/2024 19:00,1.828
2/19/2024 20:00,1.836
2/19/2024 21:00,1.842
2/19/2024 22:00,1.867
2/19/2024 23:00,1.845
2/20/2024 0:00,1.809
2/20/2024 1:00,1.775
2/20/2024 2:00,1.728
2/20/2024 3:00,1.741
2/20/2024 4:00,1.768
2/20/2024 5:00,1.766
2/20/2024 6:00,1.766
2/20/2024 7:00,1.762
2/20/2024 8:00,1.768
2/20/2024 9:00,1.761
2/20/2024 10:00,1.766
2/20/2024 11:00,1.776
2/20/2024 12:00,1.781
2/20/2024 13:00,1.777
2/20/2024 14:00,1.789
2/20/2024 15:00,1.792
2/20/2024 16:00,1.796
2/20/2024 17:00,1.794
2/20/2024 18:00,1.791
2/20/2024 19:00,1.791
2/20/2024 20:00,1.788
2/20/2024 21:00,1.788
2/20/2024 22:00,1.785
2/20/2024 23:00,1.783
2/21/2024 0:00,1.782
2/21/2024 1:00,1.797
2/21/2024 2:00,1.807
2/21/2024 3:00,1.804
2/21/2024 4:00,1.793
2/21/2024 5:00,1.783
2/21/2024 6:00,1.775
2/21/2024 7:00,1.779
2/21/2024 8:00,1.78
2/21/2024 9:00,1.776
2/21/2024 10:00,1.769
2/21/2024 11:00,1.772
2/21/2024 12:00,1.78
2/21/2024 13:00,1.79
2/21/2024 14:00,1.786
2/21/2024 15:00,1.788
2/21/2024 16:00,1.784
2/21/2024 17:00,1.784
2/21/2024 18:00,1.791
2/21/2024 19:00,1.786
2/21/2024 20:00,1.788
2/21/2024 21:00,1.773
2/21/2024 22:00,1.775
2/21/2024 23:00,1.773
2/22/2024 0:00,1.773
2/22/2024 1:00,1.771
2/22/2024 2:00,1.767
2/22/2024 3:00,1.759
2/22/2024 4:00,1.756
2/22/2024 5:00,1.761
2/22/2024 6:00,1.764
2/22/2024 7:00,1.743
2/22/2024 8:00,1.748
2/22/2024 9:00,1.755
2/22/2024 10:00,1.759
2/22/2024 11:00,1.753
2/22/2024 12:00,1.752
2/22/2024 13:00,1.77
2/22/2024 14:00,1.773
2/22/2024 15:00,1.768
2/22/2024 16:00,1.776
2/22/2024 17:00,1.765
2/22/2024 18:00,1.774
2/22/2024 19:00,1.946
2/22/2024 20:00,1.953
2/22/2024 21:00,1.942
2/22/2024 22:00,1.938
2/22/2024 23:00,1.947
2/23/2024 0:00,1.979
2/23/2024 1:00,1.99
2/23/2024 2:00,1.969
2/23/2024 3:00,1.965
2/23/2024 4:00,1.951
2/23/2024 5:00,1.942
2/23/2024 6:00,1.887
2/23/2024 7:00,1.85
2/23/2024 8:00,1.837
2/23/2024 9:00,1.849
2/23/2024 10:00,1.889
2/23/2024 11:00,1.952
2/23/2024 12:00,1.886
2/23/2024 13:00,1.849
2/23/2024 14:00,1.831
2/23/2024 15:00,1.804
2/23/2024 16:00,1.802
2/23/2024 17:00,1.796
2/23/2024 18:00,1.78
2/23/2024 19:00,1.776
2/23/2024 20:00,1.774
2/23/2024 21:00,1.764
2/23/2024 22:00,1.759
2/23/2024 23:00,1.748
2/24/2024 0:00,1.744
2/24/2024 1:00,1.738
2/24/2024 2:00,1.741
2/24/2024 3:00,1.742
2/24/2024 4:00,1.722
2/24/2024 5:00,1.736
2/24/2024 6:00,1.734
2/24/2024 7:00,1.73
2/24/2024 8:00,1.733
2/24/2024 9:00,1.732
2/24/2024 10:00,1.619
2/24/2024 11:00,1.56
2/24/2024 12:00,1.537
2/24/2024 13:00,1.573
2/24/2024 14:00,1.581
2/24/2024 15:00,1.614
2/24/2024 16:00,1.714
2/24/2024 17:00,1.793
2/24/2024 18:00,1.957
2/24/2024 19:00,1.944
2/24/2024 20:00,1.923
2/24/2024 21:00,1.896
2/24/2024 22:00,1.835
2/24/2024 23:00,1.771
2/25/2024 0:00,1.745
2/25/2024 1:00,1.743
2/25/2024 2:00,1.727
2/25/2024 3:00,1.717
2/25/2024 4:00,1.718
2/25/2024 5:00,1.712
2/25/2024 6:00,1.723
2/25/2024 7:00,1.708
2/25/2024 8:00,1.703
2/25/2024 9:00,1.699
2/25/2024 10:00,1.656
2/25/2024 11:00,1.57
2/25/2024 12:00,1.59
2/25/2024 13:00,1.659
2/25/2024 14:00,1.689
2/25/2024 15:00,1.712
2/25/2024 16:00,1.781
2/25/2024 17:00,1.858
2/25/2024 18:00,1.939
2/25/2024 19:00,2.08
2/25/2024 20:00,2.03
2/25/2024 21:00,1.929
2/25/2024 22:00,1.845
2/25/2024 23:00,1.817
2/26/2024 0:00,1.802
2/26/2024 1:00,1.786
2/26/2024 2:00,1.78
2/26/2024 3:00,1.773
2/26/2024 4:00,1.772
2/26/2024 5:00,1.77
2/26/2024 6:00,1.767
2/26/2024 7:00,1.756
2/26/2024 8:00,1.761
2/26/2024 9:00,1.764
2/26/2024 10:00,1.758
2/26/2024 11:00,1.745
2/26/2024 12:00,1.771
2/26/2024 13:00,1.777
2/26/2024 14:00,1.784
2/26/2024 15:00,1.779
2/26/2024 16:00,1.803
2/26/2024 17:00,1.814
2/26/2024 18:00,1.809
2/26/2024 19:00,1.989
2/26/2024 20:00,2.029
2/26/2024 21:00,2.041
2/26/2024 22:00,1.957
2/26/2024 23:00,1.844
2/27/2024 0:00,1.802
2/27/2024 1:00,1.807
2/27/2024 2:00,2.043
2/27/2024 3:00,2.03
2/27/2024 4:00,1.903
2/27/2024 5:00,1.801
2/27/2024 6:00,1.783
2/27/2024 7:00,1.811
2/27/2024 8:00,1.83
2/27/2024 9:00,2.009
2/27/2024 10:00,2.042
2/27/2024 11:00,2.01
2/27/2024 12:00,1.975
2/27/2024 13:00,1.968
2/27/2024 14:00,1.992
2/27/2024 15:00,2.045
2/27/2024 16:00,2.112
2/27/2024 17:00,2.095
2/27/2024 18:00,2.028
2/27/2024 19:00,1.974
2/27/2024 20:00,1.934
2/27/2024 21:00,1.908
2/27/2024 22:00,1.874
2/27/2024 23:00,1.853
2/28/2024 0:00,1.84
2/28/2024 1:00,1.804
2/28/2024 2:00,1.793
2/28/2024 3:00,1.772
2/28/2024 4:00,1.78
2/28/2024 5:00,1.776
2/28/2024 6:00,1.78
2/28/2024 7:00,1.704
2/28/2024 8:00,1.522
2/28/2024 9:00,1.466
2/28/2024 10:00,1.466
2/28/2024 11:00,1.495
2/28/2024 12:00,1.601
2/28/2024 13:00,1.652
2/28/2024 14:00,1.675
2/28/2024 15:00,1.818
2/28/2024 16:00,1.954
2/28/2024 17:00,2.179
2/28/2024 18:00,2.136
2/28/2024 19:00,2.016
2/28/2024 20:00,1.898
2/28/2024 21:00,1.835
2/28/2024 22:00,1.783
2/28/2024 23:00,1.745
2/29/2024 0:00,1.727
2/29/2024 1:00,1.667
2/29/2024 2:00,1.65
2/29/2024 3:00,1.636
2/29/2024 4:00,1.602
2/29/2024 5:00,1.578
2/29/2024 6:00,1.574
2/29/2024 7:00,1.592
2/29/2024 8:00,1.583
2/29/2024 9:00,1.56
2/29/2024 10:00,1.525
2/29/2024 11:00,1.53
2/29/2024 12:00,1.579
2/29/2024 13:00,1.629
2/29/2024 14:00,1.708
2/29/2024 15:00,1.742
2/29/2024 16:00,1.76
2/29/2024 17:00,1.788
2/29/2024 18:00,1.763
2/29/2024 19:00,1.73
2/29/2024 20:00,1.685
2/29/2024 21:00,1.645
2/29/2024 22:00,1.747
2/29/2024 23:00,1.778
3/1/2024 0:00,2.054
3/1/2024 1:00,2.126
3/1/2024 2:00,2.146
3/1/2024 3:00,2.15
3/1/2024 4:00,2.192
3/1/2024 5:00,2.219
3/1/2024 6:00,2.218
3/1/2024 7:00,2.207
3/1/2024 8:00,2.213
3/1/2024 9:00,2.156
3/1/2024 10:00,2.044
3/1/2024 11:00,1.995
3/1/2024 12:00,1.961
3/1/2024 13:00,1.985
3/1/2024 14:00,1.992
3/1/2024 15:00,2.003
3/1/2024 16:00,2.016
3/1/2024 17:00,2.004
3/1/2024 18:00,1.963
3/1/2024 19:00,1.928
3/1/2024 20:00,1.902
3/1/2024 21:00,1.902
3/1/2024 22:00,1.924
3/1/2024 23:00,1.957
3/2/2024 0:00,1.96
3/2/2024 1:00,1.958
3/2/2024 2:00,1.957
3/2/2024 3:00,1.952
3/2/2024 4:00,1.948
3/2/2024 5:00,1.948
3/2/2024 6:00,1.944
3/2/2024 7:00,1.891
3/2/2024 8:00,1.82
3/2/2024 9:00,1.729
3/2/2024 10:00,1.747
3/2/2024 11:00,1.784
3/2/2024 12:00,1.814
3/2/2024 13:00,1.867
3/2/2024 14:00,1.918
3/2/2024 15:00,1.959
3/2/2024 16:00,1.959
3/2/2024 17:00,1.943
3/2/2024 18:00,1.939
3/2/2024 19:00,1.94
3/2/2024 20:00,1.92
3/2/2024 21:00,1.914
3/2/2024 22:00,1.928
3/2/2024 23:00,1.94
3/3/2024 0:00,1.953
3/3/2024 1:00,1.948
3/3/2024 2:00,1.939
3/3/2024 3:00,1.93
3/3/2024 4:00,1.938
3/3/2024 5:00,1.94
3/3/2024 6:00,1.938
3/3/2024 7:00,1.943
3/3/2024 8:00,1.936
3/3/2024 9:00,1.845
3/3/2024 10:00,1.848
3/3/2024 11:00,1.917
3/3/2024 12:00,1.937
3/3/2024 13:00,1.956
3/3/2024 14:00,1.96
3/3/2024 15:00,1.96
3/3/2024 16:00,1.981
3/3/2024 17:00,2.011
3/3/2024 18:00,2.007
3/3/2024 19:00,2.015
3/3/2024 20:00,2.012
3/3/2024 21:00,1.977
3/3/2024 22:00,1.958
3/3/2024 23:00,1.959
3/4/2024 0:00,1.983
3/4/2024 1:00,1.977
3/4/2024 2:00,1.969
3/4/2024 3:00,1.949
3/4/2024 4:00,1.954
3/4/2024 5:00,1.953
3/4/2024 6:00,1.935
3/4/2024 7:00,1.918
3/4/2024 8:00,1.891
3/4/2024 9:00,1.869
3/4/2024 10:00,1.883
3/4/2024 11:00,1.879
3/4/2024 12:00,1.884
3/4/2024 13:00,1.936
3/4/2024 14:00,2.029
3/4/2024 15:00,2.068
3/4/2024 16:00,2.085
3/4/2024 17:00,2.078
3/4/2024 18:00,2.085
3/4/2024 19:00,2.076
3/4/2024 20:00,2.043
3/4/2024 21:00,1.999
3/4/2024 22:00,2.026
3/4/2024 23:00,2.037
3/5/2024 0:00,2.031
3/5/2024 1:00,2
3/5/2024 2:00,1.987
3/5/2024 3:00,1.988
3/5/2024 4:00,2.004
3/5/2024 5:00,2.008
3/5/2024 6:00,2.006
3/5/2024 7:00,2.011
3/5/2024 8:00,2.013
3/5/2024 9:00,2.011
3/5/2024 10:00,2.01
3/5/2024 11:00,2.018
3/5/2024 12:00,2.027
3/5/2024 13:00,2.074
3/5/2024 14:00,2.066
3/5/2024 15:00,2.056
3/5/2024 16:00,2.072
3/5/2024 17:00,2.078
3/5/2024 18:00,2.05
3/5/2024 19:00,2.021
3/5/2024 20:00,2.009
3/5/2024 21:00,2.037
3/5/2024 22:00,2.043
3/5/2024 23:00,2.048
3/6/2024 0:00,2.039
3/6/2024 1:00,2.025
3/6/2024 2:00,1.964
3/6/2024 3:00,1.942
3/6/2024 4:00,1.963
3/6/2024 5:00,2.01
3/6/2024 6:00,2.023
3/6/2024 7:00,2.02
3/6/2024 8:00,1.995
3/6/2024 9:00,1.961
3/6/2024 10:00,1.951
3/6/2024 11:00,1.964
3/6/2024 12:00,1.996
3/6/2024 13:00,2.022
3/6/2024 14:00,2.073
3/6/2024 15:00,2.126
3/6/2024 16:00,2.133
3/6/2024 17:00,2.107
3/6/2024 18:00,2.079
3/6/2024 19:00,2.07
3/6/2024 20:00,2.059
3/6/2024 21:00,2.046
3/6/2024 22:00,2.034
3/6/2024 23:00,1.974
3/7/2024 0:00,1.969
3/7/2024 1:00,2
3/7/2024 2:00,2.016
3/7/2024 3:00,2.031
3/7/2024 4:00,2.04
3/7/2024 5:00,2.031
3/7/2024 6:00,2.022
3/7/2024 7:00,2.011
3/7/2024 8:00,2.007
3/7/2024 9:00,2.01
3/7/2024 10:00,2.008
3/7/2024 11:00,2.021
3/7/2024 12:00,2.006
3/7/2024 13:00,2.015
3/7/2024 14:00,2.092
3/7/2024 15:00,2.108
3/7/2024 16:00,2.061
3/7/2024 17:00,2.056
3/7/2024 18:00,2.033
3/7/2024 19:00,2.015
3/7/2024 20:00,2.007
3/7/2024 21:00,2.001
3/7/2024 22:00,2.032
3/7/2024 23:00,2.038
3/8/2024 0:00,2.018
3/8/2024 1:00,1.978
3/8/2024 2:00,1.956
3/8/2024 3:00,1.978
3/8/2024 4:00,2.004
3/8/2024 5:00,2.001
3/8/2024 6:00,2.008
3/8/2024 7:00,2.01
3/8/2024 8:00,2.011
3/8/2024 9:00,1.997
3/8/2024 10:00,1.966
3/8/2024 11:00,1.989
3/8/2024 12:00,2.024
3/8/2024 13:00,2.045
3/8/2024 14:00,2.055
3/8/2024 15:00,2.049
3/8/2024 16:00,2.052
3/8/2024 17:00,2.035
3/8/2024 18:00,2.017
3/8/2024 19:00,2.002
3/8/2024 20:00,2.009
3/8/2024 21:00,2.003
3/8/2024 22:00,1.993
3/8/2024 23:00,1.99
3/9/2024 0:00,1.965
3/9/2024 1:00,1.905
3/9/2024 2:00,1.89
3/9/2024 3:00,1.879
3/9/2024 4:00,1.872
3/9/2024 5:00,1.923
3/9/2024 6:00,1.912
3/9/2024 7:00,1.801
3/9/2024 8:00,1.778
3/9/2024 9:00,1.762
3/9/2024 10:00,1.797
3/9/2024 11:00,1.824
3/9/2024 12:00,1.91
3/9/2024 13:00,1.983
3/9/2024 14:00,1.978
3/9/2024 15:00,1.993
3/9/2024 16:00,1.988
3/9/2024 17:00,1.972
3/9/2024 18:00,1.979
3/9/2024 19:00,2.018
3/9/2024 20:00,2.008
3/9/2024 21:00,2.023
3/9/2024 22:00,2.009
3/9/2024 23:00,2.025
3/10/2024 0:00,2.022
3/10/2024 1:00,2.007
3/10/2024 2:00,1.865
3/10/2024 3:00,1.667
3/10/2024 4:00,1.604
3/10/2024 5:00,1.557
3/10/2024 6:00,1.692
3/10/2024 7:00,1.766
3/10/2024 8:00,1.715
3/10/2024 9:00,1.693
3/10/2024 10:00,1.775
3/10/2024 11:00,1.849
3/10/2024 12:00,1.955
3/10/2024 13:00,1.972
3/10/2024 14:00,1.979
3/10/2024 15:00,1.963
3/10/2024 16:00,1.952
3/10/2024 17:00,1.961
3/10/2024 18:00,1.933
3/10/2024 19:00,1.918
3/10/2024 20:00,1.924
3/10/2024 21:00,1.942
3/10/2024 22:00,2.013
3/10/2024 23:00,1.979
3/11/2024 0:00,1.992
3/11/2024 1:00,2.008
3/11/2024 2:00,2.005
3/11/2024 3:00,1.999
3/11/2024 4:00,1.912
3/11/2024 5:00,1.743
3/11/2024 6:00,1.648
3/11/2024 7:00,1.63
3/11/2024 8:00,1.676
3/11/2024 9:00,1.716
3/11/2024 10:00,1.773
3/11/2024 11:00,1.876
3/11/2024 12:00,1.938
3/11/2024 13:00,1.967
3/11/2024 14:00,1.941
3/11/2024 15:00,1.926
3/11/2024 16:00,1.911
3/11/2024 17:00,1.908
3/11/2024 18:00,1.898
3/11/2024 19:00,1.931
3/11/2024 20:00,1.932
3/11/2024 21:00,1.934
3/11/2024 22:00,1.934
3/11/2024 23:00,1.934
3/12/2024 0:00,1.931
3/12/2024 1:00,1.937
3/12/2024 2:00,1.952
3/12/2024 3:00,1.96
3/12/2024 4:00,1.944
3/12/2024 5:00,1.941
3/12/2024 6:00,1.951
3/12/2024 7:00,1.945
3/12/2024 8:00,1.933
3/12/2024 9:00,1.92
3/12/2024 10:00,1.963
3/12/2024 11:00,1.982
3/12/2024 12:00,1.985
3/12/2024 13:00,1.994
3/12/2024 14:00,1.998
3/12/2024 15:00,1.998
3/12/2024 16:00,1.995
3/12/2024 17:00,1.991
3/12/2024 18:00,1.954
3/12/2024 19:00,1.977
3/12/2024 20:00,1.977
3/12/2024 21:00,1.969
3/12/2024 22:00,1.969
3/12/2024 23:00,1.961
3/13/2024 0:00,1.948
3/13/2024 1:00,1.965
3/13/2024 2:00,1.963
3/13/2024 3:00,1.953
3/13/2024 4:00,1.94
3/13/2024 5:00,1.952
3/13/2024 6:00,1.946
3/13/2024 7:00,1.929
3/13/2024 8:00,1.945
3/13/2024 9:00,1.946
3/13/2024 10:00,1.938
3/13/2024 11:00,1.939
3/13/2024 12:00,1.944
3/13/2024 13:00,1.937
3/13/2024 14:00,1.943
3/13/2024 15:00,1.922
3/13/2024 16:00,1.931
3/13/2024 17:00,1.903
3/13/2024 18:00,1.914
3/13/2024 19:00,1.911
3/13/2024 20:00,1.902
3/13/2024 21:00,1.888
3/13/2024 22:00,1.888
3/13/2024 23:00,1.889
3/14/2024 0:00,1.9
3/14/2024 1:00,1.898
3/14/2024 2:00,1.91
3/14/2024 3:00,1.902
3/14/2024 4:00,1.89
3/14/2024 5:00,1.892
3/14/2024 6:00,1.827
3/14/2024 7:00,1.758
3/14/2024 8:00,1.818
3/14/2024 9:00,1.831
3/14/2024 10:00,1.847
3/14/2024 11:00,1.85
3/14/2024 12:00,1.891
3/14/2024 13:00,1.903
3/14/2024 14:00,1.904
3/14/2024 15:00,1.801
3/14/2024 16:00,1.732
3/14/2024 17:00,1.669
3/14/2024 18:00,1.627
3/14/2024 19:00,1.547
3/14/2024 20:00,1.489
3/14/2024 21:00,1.48
3/14/2024 22:00,1.433
3/14/2024 23:00,1.348
3/15/2024 0:00,1.33
3/15/2024 1:00,1.286
3/15/2024 2:00,1.277
3/15/2024 3:00,1.272
3/15/2024 4:00,1.261
3/15/2024 5:00,1.264
3/15/2024 6:00,1.266
3/15/2024 7:00,1.25
3/15/2024 8:00,1.208
3/15/2024 9:00,1.262
3/15/2024 10:00,1.233
3/15/2024 11:00,1.196
3/15/2024 12:00,1.166
3/15/2024 13:00,1.178
3/15/2024 14:00,1.033
3/15/2024 15:00,0.792
3/15/2024 16:00,0.626
3/15/2024 17:00,0.446
3/15/2024 18:00,0.304
3/15/2024 19:00,0.283
3/15/2024 20:00,0.278
3/15/2024 21:00,0.231
3/15/2024 22:00,0.211
3/15/2024 23:00,0.216
3/16/2024 0:00,0.205
3/16/2024 1:00,0.203
3/16/2024 2:00,0.197
3/16/2024 3:00,0.187
3/16/2024 4:00,0.191
3/16/2024 5:00,0.177
3/16/2024 6:00,0.153
3/16/2024 7:00,0.141
3/16/2024 8:00,0.142
3/16/2024 9:00,0.141
3/16/2024 10:00,0.147
3/16/2024 11:00,0.149
3/16/2024 12:00,0.173
3/16/2024 13:00,0.222
3/16/2024 14:00,0.294
3/16/2024 15:00,0.399
3/16/2024 16:00,0.521
3/16/2024 17:00,0.594
3/16/2024 18:00,0.595
3/16/2024 19:00,0.588
3/16/2024 20:00,0.588
3/16/2024 21:00,0.628
3/16/2024 22:00,0.629
3/16/2024 23:00,0.628
3/17/2024 0:00,0.627
3/17/2024 1:00,0.621
3/17/2024 2:00,0.619
3/17/2024 3:00,0.616
3/17/2024 4:00,0.615
3/17/2024 5:00,0.632
3/17/2024 6:00,0.635
3/17/2024 7:00,0.639
3/17/2024 8:00,0.635
3/17/2024 9:00,0.64
3/17/2024 10:00,0.66
3/17/2024 11:00,0.68
3/17/2024 12:00,0.705
3/17/2024 13:00,0.719
3/17/2024 14:00,0.74
3/17/2024 15:00,0.749
3/17/2024 16:00,0.747
3/17/2024 17:00,0.75
3/17/2024 18:00,0.754
3/17/2024 19:00,0.752
3/17/2024 20:00,0.742
3/17/2024 21:00,0.738
3/17/2024 22:00,0.73
3/17/2024 23:00,0.726
3/18/2024 0:00,0.722
3/18/2024 1:00,0.72
3/18/2024 2:00,0.712
3/18/2024 3:00,0.708
3/18/2024 4:00,0.701
3/18/2024 5:00,0.689
3/18/2024 6:00,0.694
3/18/2024 7:00,0.693
3/18/2024 8:00,0.682
3/18/2024 9:00,0.681
3/18/2024 10:00,0.69
3/18/2024 11:00,0.707
3/18/2024 12:00,0.716
3/18/2024 13:00,0.753
3/18/2024 14:00,0.747
3/18/2024 15:00,0.74
3/18/2024 16:00,0.746
3/18/2024 17:00,0.743
3/18/2024 18:00,0.756
3/18/2024 19:00,0.759
3/18/2024 20:00,0.745
3/18/2024 21:00,0.759
3/18/2024 22:00,0.785
3/18/2024 23:00,0.801
3/19/2024 0:00,0.789
3/19/2024 1:00,0.732
3/19/2024 2:00,0.682
3/19/2024 3:00,0.67
3/19/2024 4:00,0.66
3/19/2024 5:00,0.639
3/19/2024 6:00,0.625
3/19/2024 7:00,0.64
3/19/2024 8:00,0.631
3/19/2024 9:00,0.64
3/19/2024 10:00,0.647
3/19/2024 11:00,0.67
3/19/2024 12:00,0.691
3/19/2024 13:00,0.729
3/19/2024 14:00,0.735
3/19/2024 15:00,0.72
3/19/2024 16:00,0.721
3/19/2024 17:00,0.736
3/19/2024 18:00,0.749
3/19/2024 19:00,0.801
3/19/2024 20:00,0.797
3/19/2024 21:00,0.821
3/19/2024 22:00,0.816
3/19/2024 23:00,0.826
3/20/2024 0:00,0.836
3/20/2024 1:00,0.851
3/20/2024 2:00,0.743
3/20/2024 3:00,0.665
3/20/2024 4:00,0.673
3/20/2024 5:00,0.657
3/20/2024 6:00,0.647
3/20/2024 7:00,0.631
3/20/2024 8:00,0.644
3/20/2024 9:00,0.654
3/20/2024 10:00,0.668
3/20/2024 11:00,0.674
3/20/2024 12:00,0.697
3/20/2024 13:00,0.728
3/20/2024 14:00,0.73
3/20/2024 15:00,0.733
3/20/2024 16:00,0.741
3/20/2024 17:00,0.815
3/20/2024 18:00,0.852
3/20/2024 19:00,0.876
3/20/2024 20:00,0.873
3/20/2024 21:00,0.81
3/20/2024 22:00,0.787
3/20/2024 23:00,0.781
3/21/2024 0:00,0.772
3/21/2024 1:00,0.765
3/21/2024 2:00,0.765
3/21/2024 3:00,0.767
3/21/2024 4:00,0.755
3/21/2024 5:00,0.763
3/21/2024 6:00,0.702
3/21/2024 7:00,0.666
3/21/2024 8:00,0.664
3/21/2024 9:00,0.674
3/21/2024 10:00,0.667
3/21/2024 11:00,0.704
3/21/2024 12:00,0.767
3/21/2024 13:00,0.828
3/21/2024 14:00,0.861
3/21/2024 15:00,0.871
3/21/2024 16:00,0.842
3/21/2024 17:00,0.859
3/21/2024 18:00,0.863
3/21/2024 19:00,0.868
3/21/2024 20:00,0.862
3/21/2024 21:00,0.852
3/21/2024 22:00,0.848
3/21/2024 23:00,0.841
3/22/2024 0:00,0.844
3/22/2024 1:00,0.831
3/22/2024 2:00,0.814
3/22/2024 3:00,0.743
3/22/2024 4:00,0.739
3/22/2024 5:00,0.733
3/22/2024 6:00,0.725
3/22/2024 7:00,0.73
3/22/2024 8:00,0.722
3/22/2024 9:00,0.722
3/22/2024 10:00,0.732
3/22/2024 11:00,0.774
3/22/2024 12:00,0.792
3/22/2024 13:00,0.823
3/22/2024 14:00,0.833
3/22/2024 15:00,0.844
3/22/2024 16:00,0.833
3/22/2024 17:00,0.85
3/22/2024 18:00,0.859
3/22/2024 19:00,0.85
3/22/2024 20:00,0.863
3/22/2024 21:00,0.878
3/22/2024 22:00,0.915
3/22/2024 23:00,0.92
3/23/2024 0:00,0.92
3/23/2024 1:00,0.876
3/23/2024 2:00,0.87
3/23/2024 3:00,0.844
3/23/2024 4:00,0.82
3/23/2024 5:00,0.799
3/23/2024 6:00,0.815
3/23/2024 7:00,0.794
3/23/2024 8:00,0.782
3/23/2024 9:00,0.777
3/23/2024 10:00,0.789
3/23/2024 11:00,0.819
3/23/2024 12:00,0.879
3/23/2024 13:00,0.915
3/23/2024 14:00,0.911
3/23/2024 15:00,0.912
3/23/2024 16:00,0.911
3/23/2024 17:00,0.902
3/23/2024 18:00,0.865
3/23/2024 19:00,0.809
3/23/2024 20:00,0.807
3/23/2024 21:00,0.811
3/23/2024 22:00,0.817
3/23/2024 23:00,0.812
3/24/2024 0:00,0.812
3/24/2024 1:00,0.821
3/24/2024 2:00,0.827
3/24/2024 3:00,0.833
3/24/2024 4:00,0.82
3/24/2024 5:00,0.828
3/24/2024 6:00,0.823
3/24/2024 7:00,0.825
3/24/2024 8:00,0.817
3/24/2024 9:00,0.857
3/24/2024 10:00,0.875
3/24/2024 11:00,0.889
3/24/2024 12:00,0.892
3/24/2024 13:00,0.903
3/24/2024 14:00,0.906
3/24/2024 15:00,0.886
3/24/2024 16:00,0.888
3/24/2024 17:00,0.882
3/24/2024 18:00,0.88
3/24/2024 19:00,0.846
3/24/2024 20:00,0.86
3/24/2024 21:00,0.874
3/24/2024 22:00,0.865
3/24/2024 23:00,0.852
3/25/2024 0:00,0.844
3/25/2024 1:00,0.84
3/25/2024 2:00,0.859
3/25/2024 3:00,0.863
3/25/2024 4:00,0.863
3/25/2024 5:00,0.855
3/25/2024 6:00,0.835
3/25/2024 7:00,0.817
3/25/2024 8:00,0.825
3/25/2024 9:00,0.841
3/25/2024 10:00,0.824
3/25/2024 11:00,0.817
3/25/2024 12:00,0.818
3/25/2024 13:00,0.82
3/25/2024 14:00,0.83
3/25/2024 15:00,0.862
3/25/2024 16:00,0.859
3/25/2024 17:00,0.876
3/25/2024 18:00,0.879
3/25/2024 19:00,0.871
3/25/2024 20:00,0.831
3/25/2024 21:00,0.813
3/25/2024 22:00,0.778
3/25/2024 23:00,0.752
3/26/2024 0:00,0.735
3/26/2024 1:00,0.73
3/26/2024 2:00,0.722
3/26/2024 3:00,0.725
3/26/2024 4:00,0.726
3/26/2024 5:00,0.719
3/26/2024 6:00,0.723
3/26/2024 7:00,0.723
3/26/2024 8:00,0.723
3/26/2024 9:00,0.722
3/26/2024 10:00,0.709
3/26/2024 11:00,0.721
3/26/2024 12:00,0.751
3/26/2024 13:00,0.742
3/26/2024 14:00,0.756
3/26/2024 15:00,0.769
3/26/2024 16:00,0.782
3/26/2024 17:00,0.786
3/26/2024 18:00,0.775
3/26/2024 19:00,0.763
3/26/2024 20:00,0.769
3/26/2024 21:00,0.81
3/26/2024 22:00,0.812
3/26/2024 23:00,0.828
3/27/2024 0:00,0.858
3/27/2024 1:00,0.86
3/27/2024 2:00,0.833
3/27/2024 3:00,0.816
3/27/2024 4:00,0.78
3/27/2024 5:00,0.775
3/27/2024 6:00,0.77
3/27/2024 7:00,0.778
3/27/2024 8:00,0.774
3/27/2024 9:00,0.784
3/27/2024 10:00,0.788
3/27/2024 11:00,0.785
3/27/2024 12:00,0.796
3/27/2024 13:00,0.802
3/27/2024 14:00,0.803
3/27/2024 15:00,0.763
3/27/2024 16:00,0.604
3/27/2024 17:00,0.792
3/27/2024 18:00,0.798
3/27/2024 19:00,0.795
3/27/2024 20:00,0.791
3/27/2024 21:00,0.812
3/27/2024 22:00,0.818
3/27/2024 23:00,0.837
3/28/2024 0:00,0.842
3/28/2024 1:00,0.842
3/28/2024 2:00,0.831
3/28/2024 3:00,0.804
3/28/2024 4:00,0.77
3/28/2024 5:00,0.746
3/28/2024 6:00,0.729
3/28/2024 7:00,0.727
3/28/2024 8:00,0.708
3/28/2024 9:00,0.696
3/28/2024 10:00,0.703
3/28/2024 11:00,0.727
3/28/2024 12:00,0.732
3/28/2024 13:00,0.756
3/28/2024 14:00,0.794
3/28/2024 15:00,0.814
3/28/2024 16:00,0.801
3/28/2024 17:00,0.805
3/28/2024 18:00,0.795
3/28/2024 19:00,0.786
3/28/2024 20:00,0.791
3/28/2024 21:00,0.792
3/28/2024 22:00,0.801
3/28/2024 23:00,0.806
3/29/2024 0:00,0.806
3/29/2024 1:00,0.815
3/29/2024 2:00,0.811
3/29/2024 3:00,0.806
3/29/2024 4:00,0.809
3/29/2024 5:00,0.817
3/29/2024 6:00,0.833
3/29/2024 7:00,0.83
3/29/2024 8:00,0.827
3/29/2024 9:00,0.804
3/29/2024 10:00,0.802
3/29/2024 11:00,0.821
3/29/2024 12:00,0.832
3/29/2024 13:00,0.819
3/29/2024 14:00,0.818
3/29/2024 15:00,0.823
3/29/2024 16:00,0.82
3/29/2024 17:00,0.814
3/29/2024 18:00,0.809
3/29/2024 19:00,0.812
3/29/2024 20:00,0.811
3/29/2024 21:00,0.815
3/29/2024 22:00,0.816
3/29/2024 23:00,0.809
3/30/2024 0:00,0.807
3/30/2024 1:00,0.805
3/30/2024 2:00,0.805
3/30/2024 3:00,0.805
3/30/2024 4:00,0.805
3/30/2024 5:00,0.809
3/30/2024 6:00,0.803
3/30/2024 7:00,0.8
3/30/2024 8:00,0.802
3/30/2024 9:00,0.793
3/30/2024 10:00,0.835
3/30/2024 11:00,0.841
3/30/2024 12:00,0.841
3/30/2024 13:00,0.833
3/30/2024 14:00,0.833
3/30/2024 15:00,0.827
3/30/2024 16:00,0.824
3/30/2024 17:00,0.817
3/30/2024 18:00,0.842
3/30/2024 19:00,0.879
3/30/2024 20:00,0.884
3/30/2024 21:00,0.891
3/30/2024 22:00,0.894
3/30/2024 23:00,0.891
3/31/2024 0:00,0.888
3/31/2024 1:00,0.896
3/31/2024 2:00,0.891
3/31/2024 3:00,0.885
3/31/2024 4:00,0.885
3/31/2024 5:00,0.875
3/31/2024 6:00,0.875
3/31/2024 7:00,0.879
3/31/2024 8:00,0.878
3/31/2024 9:00,0.884
3/31/2024 10:00,0.886
3/31/2024 11:00,0.88
3/31/2024 12:00,0.895
3/31/2024 13:00,0.892
3/31/2024 14:00,0.89
3/31/2024 15:00,0.895
3/31/2024 16:00,0.902
3/31/2024 17:00,0.898
3/31/2024 18:00,0.902
3/31/2024 19:00,0.917
3/31/2024 20:00,0.925
3/31/2024 21:00,0.916
3/31/2024 22:00,0.915
3/31/2024 23:00,0.914
4/1/2024 0:00,0.912
4/1/2024 1:00,0.913
4/1/2024 2:00,0.912
4/1/2024 3:00,0.902
4/1/2024 4:00,0.904
4/1/2024 5:00,0.903
4/1/2024 6:00,0.9
4/1/2024 7:00,0.874
4/1/2024 8:00,0.865
4/1/2024 9:00,0.904
4/1/2024 10:00,0.909
4/1/2024 11:00,0.924
4/1/2024 12:00,0.934
4/1/2024 13:00,0.932
4/1/2024 14:00,0.968
4/1/2024 15:00,0.963
4/1/2024 16:00,0.96
4/1/2024 17:00,0.966
4/1/2024 18:00,0.97
4/1/2024 19:00,0.983
4/1/2024 20:00,0.981
4/1/2024 21:00,0.975
4/1/2024 22:00,0.977
4/1/2024 23:00,0.968
4/2/2024 0:00,0.969
4/2/2024 1:00,0.97
4/2/2024 2:00,0.911
4/2/2024 3:00,0.896
4/2/2024 4:00,0.892
4/2/2024 5:00,0.918
4/2/2024 6:00,0.913
4/2/2024 7:00,0.907
4/2/2024 8:00,0.883
4/2/2024 9:00,0.879
4/2/2024 10:00,0.896
4/2/2024 11:00,0.891
4/2/2024 12:00,0.9
4/2/2024 13:00,0.92
4/2/2024 13:15,
4/2/2024 13:15,
4/2/2024 13:16,
